MeetingID,SectionID,DayOfWeek,StartTime,EndTime,Room
1,202501-15533,Friday,11:00 AM,1:45 PM,CWY 107
2,202501-15509,Monday,12:30 PM,1:45 PM,CMC 141
3,202501-15509,Wednesday,12:30 PM,1:45 PM,CMC 141
4,202501-15541,Tuesday,12:30 PM,1:45 PM,CHE 103
5,202501-15541,Thursday,12:30 PM,1:45 PM,CHE 103
6,202501-15542,Monday,12:30 PM,1:45 PM,ENB 118
7,202501-15542,Wednesday,12:30 PM,1:45 PM,ENB 118
8,202501-19011,Tuesday,2:00 PM,3:15 PM,CPR 115
9,202501-19011,Thursday,2:00 PM,3:15 PM,CPR 115
10,202501-18954,Monday,5:00 PM,6:15 PM,CPR 103
11,202501-18954,Wednesday,5:00 PM,6:15 PM,CPR 103
12,202501-15933,Monday,5:00 PM,6:15 PM,CPR 103
13,202501-15933,Wednesday,5:00 PM,6:15 PM,CPR 103
14,202501-15510,Monday,5:00 PM,6:15 PM,ISA 1061
15,202501-15510,Wednesday,5:00 PM,6:15 PM,ISA 1061
16,202501-15511,Monday,11:00 AM,12:15 PM,CHE 111
17,202501-15511,Wednesday,11:00 AM,12:15 PM,CHE 111
18,202501-15506,Friday,11:00 AM,1:45 PM,CHE 100
19,202501-19021,Tuesday,3:30 PM,4:45 PM,CHE 303
20,202501-19021,Thursday,3:30 PM,4:45 PM,CHE 303
21,202501-18957,Monday,11:00 AM,12:15 PM,BSF 100
22,202501-18957,Wednesday,11:00 AM,12:15 PM,BSF 100
23,202501-18958,Monday,11:00 AM,12:15 PM,BSF 100
24,202501-18958,Wednesday,11:00 AM,12:15 PM,BSF 100
25,202501-15922,Tuesday,3:30 PM,4:45 PM,BEH 103
26,202501-15922,Thursday,3:30 PM,4:45 PM,BEH 103
27,202501-15921,Tuesday,3:30 PM,4:45 PM,BEH 103
28,202501-15921,Thursday,3:30 PM,4:45 PM,BEH 103
29,202501-15919,Monday,5:00 PM,6:15 PM,CHE 100
30,202501-15919,Wednesday,5:00 PM,6:15 PM,CHE 100
31,202501-15920,Monday,5:00 PM,6:15 PM,CHE 100
32,202501-15920,Wednesday,5:00 PM,6:15 PM,CHE 100
33,202501-15500,Monday,9:30 AM,10:45 AM,CPR 115
34,202501-15500,Wednesday,9:30 AM,10:45 AM,CPR 115
35,202501-15499,Tuesday,8:00 AM,9:15 AM,CMC 141
36,202501-15499,Thursday,8:00 AM,9:15 AM,CMC 141
37,202501-16768,Friday,9:30 AM,11:15 AM,ENB 214
38,202501-16769,Friday,11:30 AM,1:15 PM,ENB 214
39,202501-16773,Wednesday,11:30 AM,1:15 PM,ENB 214
40,202501-16774,Wednesday,1:30 PM,3:15 PM,ENB 214
41,202501-16775,Thursday,9:00 AM,10:50 AM,ENB 214
42,202501-16776,Thursday,11:30 AM,1:15 PM,ENB 214
43,202501-16700,Tuesday,5:00 PM,6:15 PM,BSF 100
44,202501-16700,Thursday,5:00 PM,6:15 PM,BSF 100
45,202501-15512,Tuesday,2:00 PM,3:15 PM,ULH 101
46,202501-15512,Thursday,2:00 PM,3:15 PM,ULH 101
47,202501-15513,Monday,5:00 PM,6:15 PM,ULH 101
48,202501-15513,Wednesday,5:00 PM,6:15 PM,ULH 101
49,202501-16782,Friday,12:00 PM,1:50 PM,ENB 214
50,202501-16783,Friday,2:00 PM,3:50 PM,ENB 214
51,202501-16784,Thursday,3:00 PM,4:50 PM,ENB 214
52,202501-16777,Wednesday,5:00 PM,6:50 PM,ENB 214
53,202501-16778,Tuesday,2:00 PM,3:50 PM,ENB 214
54,202501-16779,Tuesday,4:00 PM,5:50 PM,ENB 214
55,202501-16780,Tuesday,10:00 AM,11:50 AM,ENB 214
56,202501-16781,Tuesday,12:00 PM,1:50 PM,ENB 214
57,202501-20487,Tuesday,5:00 PM,6:15 PM,BSF 100
58,202501-20487,Thursday,5:00 PM,6:15 PM,BSF 100
59,202501-16791,Thursday,9:00 AM,10:50 AM,NEC 300
60,202501-16790,Thursday,11:00 AM,12:50 PM,NEC 300
61,202501-16788,Thursday,1:00 PM,2:50 PM,NEC 300
62,202501-16789,Friday,9:00 AM,10:50 AM,NEC 300
63,202501-16787,Thursday,3:00 PM,4:50 PM,NEC 300
64,202501-19006,Friday,11:00 AM,12:50 PM,NEC 300
65,202501-15498,Monday,2:00 PM,3:15 PM,BSF 100
66,202501-15498,Wednesday,2:00 PM,3:15 PM,BSF 100
67,202501-15515,Tuesday,2:00 PM,3:15 PM,CWY 109
68,202501-15515,Thursday,2:00 PM,3:15 PM,CWY 109
69,202501-16585,Monday,3:30 PM,4:45 PM,CHE 217
70,202501-16585,Wednesday,3:30 PM,4:45 PM,CHE 217
71,202501-16785,Tuesday,1:30 PM,3:15 PM,ENB 214
72,202501-16786,Tuesday,3:30 PM,5:15 PM,ENB 214
73,202501-18996,Monday,9:30 AM,10:45 AM,SOC 149
74,202501-18996,Wednesday,9:30 AM,10:45 AM,SOC 149
75,202501-18997,Monday,9:30 AM,10:45 AM,SOC 149
76,202501-18997,Wednesday,9:30 AM,10:45 AM,SOC 149
77,202501-15704,Tuesday,3:30 PM,4:45 PM,CHE 303
78,202501-15704,Thursday,3:30 PM,4:45 PM,CHE 303
79,202501-16686,Friday,11:00 AM,1:45 PM,ENC 1002
80,202501-16792,Tuesday,9:30 AM,10:45 AM,BEH 104
81,202501-16792,Thursday,9:30 AM,10:45 AM,BEH 104
82,202501-15516,Tuesday,2:00 PM,3:15 PM,FAH 101
83,202501-15516,Thursday,2:00 PM,3:15 PM,FAH 101
84,202501-15517,Monday,2:00 PM,3:15 PM,SOC 152
85,202501-15517,Wednesday,2:00 PM,3:15 PM,SOC 152
86,202501-15534,Monday,2:00 PM,3:15 PM,CHE 111
87,202501-15534,Wednesday,2:00 PM,3:15 PM,CHE 111
88,202501-18998,Tuesday,5:00 PM,6:15 PM,CHE 101
89,202501-18998,Thursday,5:00 PM,6:15 PM,CHE 101
90,202501-16698,Monday,3:30 PM,4:45 PM,SOC 152
91,202501-16698,Wednesday,3:30 PM,4:45 PM,SOC 152
92,202501-16675,Tuesday,3:30 PM,4:45 PM,EDU 115
93,202501-16675,Thursday,3:30 PM,4:45 PM,EDU 115
94,202501-16676,Monday,5:00 PM,6:15 PM,CWY 107
95,202501-16676,Wednesday,5:00 PM,6:15 PM,CWY 107
96,202501-19926,Monday,12:30 PM,1:45 PM,BSN 1301
97,202501-19926,Wednesday,12:30 PM,1:45 PM,BSN 1301
98,202501-18999,Monday,2:00 PM,3:15 PM,BSN 1201
99,202501-18999,Wednesday,2:00 PM,3:15 PM,BSN 1201
100,202501-19000,,,,OFFT OFF
101,202501-16691,Tuesday,3:30 PM,4:45 PM,ENB 216
102,202501-16691,Thursday,3:30 PM,4:45 PM,ENB 216
103,202501-16697,Tuesday,9:30 AM,10:45 AM,ENB 216
104,202501-16697,Thursday,9:30 AM,10:45 AM,ENB 216
105,202501-15697,Tuesday,9:30 AM,10:45 AM,BSN 1301
106,202501-15697,Thursday,9:30 AM,10:45 AM,BSN 1301
107,202501-15698,Tuesday,9:30 AM,10:45 AM,BSN 1301
108,202501-15698,Thursday,9:30 AM,10:45 AM,BSN 1301
109,202501-15519,Tuesday,12:30 PM,1:45 PM,CIS 1048
110,202501-15519,Thursday,12:30 PM,1:45 PM,CIS 1048
111,202501-19005,Tuesday,6:30 PM,7:45 PM,CMC 141
112,202501-19005,Thursday,6:30 PM,7:45 PM,CMC 141
113,202501-19004,Tuesday,12:30 PM,1:45 PM,CIS 1048
114,202501-19004,Thursday,12:30 PM,1:45 PM,CIS 1048
115,202501-15520,Monday,5:00 PM,6:15 PM,BEH 104
116,202501-15520,Wednesday,5:00 PM,6:15 PM,BEH 104
117,202501-15521,Monday,12:30 PM,1:45 PM,BEH 104
118,202501-15521,Wednesday,12:30 PM,1:45 PM,BEH 104
119,202501-15522,Monday,11:00 AM,12:15 PM,CHE 103
120,202501-15522,Wednesday,11:00 AM,12:15 PM,CHE 103
121,202501-19010,Monday,3:30 PM,4:45 PM,SOC 150
122,202501-19010,Wednesday,3:30 PM,4:45 PM,SOC 150
123,202501-20335,Friday,11:00 AM,1:45 PM,BSN 1201
124,202501-15523,Tuesday,2:00 PM,3:15 PM,CPR 115
125,202501-15523,Thursday,2:00 PM,3:15 PM,CPR 115
126,202501-15524,Tuesday,11:00 AM,12:15 PM,CPR 115
127,202501-15524,Thursday,11:00 AM,12:15 PM,CPR 115
128,202501-15501,Monday,2:00 PM,3:15 PM,CWY 107
129,202501-15501,Wednesday,2:00 PM,3:15 PM,CWY 107
130,202501-15503,Monday,6:30 PM,7:45 PM,CWY 109
131,202501-15503,Wednesday,6:30 PM,7:45 PM,CWY 109
132,202501-15518,Tuesday,5:00 PM,6:15 PM,SOC 151
133,202501-15518,Thursday,5:00 PM,6:15 PM,SOC 151
134,202501-19012,Tuesday,6:30 PM,7:45 PM,CHE 101
135,202501-19012,Thursday,6:30 PM,7:45 PM,CHE 101
136,202501-15700,Tuesday,6:30 PM,7:45 PM,CHE 101
137,202501-15700,Thursday,6:30 PM,7:45 PM,CHE 101
138,202501-16696,,,,OFFT OFF
139,202501-15526,Tuesday,6:30 PM,7:45 PM,CHE 103
140,202501-15526,Thursday,6:30 PM,7:45 PM,CHE 103
141,202501-15527,Tuesday,6:30 PM,7:45 PM,CPR 115
142,202501-15527,Thursday,6:30 PM,7:45 PM,CPR 115
143,202501-19013,Tuesday,9:30 AM,10:45 AM,SOC 151
144,202501-19013,Thursday,9:30 AM,10:45 AM,SOC 151
145,202501-15507,Tuesday,5:00 PM,6:15 PM,CPR 115
146,202501-15507,Thursday,5:00 PM,6:15 PM,CPR 115
147,202501-15925,Monday,8:00 AM,9:15 AM,FAH 101
148,202501-15925,Wednesday,8:00 AM,9:15 AM,FAH 101
149,202501-15926,Monday,8:00 AM,9:15 AM,FAH 101
150,202501-15926,Wednesday,8:00 AM,9:15 AM,FAH 101
151,202501-15508,Monday,5:00 PM,6:15 PM,CWY 109
152,202501-15508,Wednesday,5:00 PM,6:15 PM,CWY 109
153,202501-15497,Tuesday,12:30 PM,1:45 PM,CWY 107
154,202501-15497,Thursday,12:30 PM,1:45 PM,CWY 107
155,202501-15505,Monday,6:30 PM,7:45 PM,CHE 100
156,202501-15505,Wednesday,6:30 PM,7:45 PM,CHE 100
157,202501-15745,Tuesday,3:30 PM,4:45 PM,BSN 1100
158,202501-15745,Thursday,3:30 PM,4:45 PM,BSN 1100
159,202501-15747,Tuesday,3:30 PM,4:45 PM,BSN 1100
160,202501-15747,Thursday,3:30 PM,4:45 PM,BSN 1100
161,202501-15746,Tuesday,3:30 PM,4:45 PM,BSN 1100
162,202501-15746,Thursday,3:30 PM,4:45 PM,BSN 1100
163,202501-15750,Tuesday,3:30 PM,4:45 PM,BSN 1100
164,202501-15750,Thursday,3:30 PM,4:45 PM,BSN 1100
165,202501-15753,Tuesday,3:30 PM,4:45 PM,BSN 1100
166,202501-15753,Thursday,3:30 PM,4:45 PM,BSN 1100
167,202501-15754,Tuesday,3:30 PM,4:45 PM,BSN 1100
168,202501-15754,Thursday,3:30 PM,4:45 PM,BSN 1100
169,202501-16690,,,,OFFT OFF
170,202501-16689,,,,OFFT OFF
171,202501-15528,Monday,3:30 PM,4:45 PM,CHE 103
172,202501-15528,Wednesday,3:30 PM,4:45 PM,CHE 103
173,202501-15529,Monday,12:30 PM,1:45 PM,SOC 150
174,202501-15529,Wednesday,12:30 PM,1:45 PM,SOC 150
175,202501-15923,Tuesday,11:00 AM,12:15 PM,SOC 152
176,202501-15923,Thursday,11:00 AM,12:15 PM,SOC 152
177,202501-15924,Tuesday,11:00 AM,12:15 PM,SOC 152
178,202501-15924,Thursday,11:00 AM,12:15 PM,SOC 152
179,202501-19014,Tuesday,3:30 PM,4:45 PM,CIS 1048
180,202501-19014,Thursday,3:30 PM,4:45 PM,CIS 1048
181,202501-15930,Tuesday,3:30 PM,4:45 PM,CIS 1048
182,202501-15930,Thursday,3:30 PM,4:45 PM,CIS 1048
183,202501-15531,Monday,8:00 AM,9:15 AM,CHE 100
184,202501-15531,Wednesday,8:00 AM,9:15 AM,CHE 100
185,202501-15532,Monday,3:30 PM,4:45 PM,BEH 104
186,202501-15532,Wednesday,3:30 PM,4:45 PM,BEH 104
187,202501-15543,Tuesday,9:30 AM,10:45 AM,ENB 118
188,202501-15543,Thursday,9:30 AM,10:45 AM,ENB 118
189,202501-15544,Monday,9:30 AM,10:45 AM,ENB 118
190,202501-15544,Wednesday,9:30 AM,10:45 AM,ENB 118
191,202501-16692,Monday,5:00 PM,6:15 PM,CHE 102
192,202501-16692,Wednesday,5:00 PM,6:15 PM,CHE 102
193,202501-20336,Monday,6:30 PM,7:45 PM,CHE 103
194,202501-20336,Wednesday,6:30 PM,7:45 PM,CHE 103
195,202501-15707,Monday,2:00 PM,3:15 PM,CWY 109
196,202501-15707,Wednesday,2:00 PM,3:15 PM,CWY 109
197,202501-15706,Monday,2:00 PM,3:15 PM,CWY 109
198,202501-15706,Wednesday,2:00 PM,3:15 PM,CWY 109
199,202501-20022,Tuesday,3:30 PM,4:45 PM,CHE 103
200,202501-20022,Thursday,3:30 PM,4:45 PM,CHE 103
201,202501-15936,Monday,12:30 PM,1:45 PM,CHE 217
202,202501-15936,Wednesday,12:30 PM,1:45 PM,CHE 217
203,202501-15935,Monday,12:30 PM,1:45 PM,CHE 217
204,202501-15935,Wednesday,12:30 PM,1:45 PM,CHE 217
205,202508-91940,Friday,11:00 AM,1:45 PM,BEH 104
206,202508-92859,Tuesday,9:30 AM,10:45 AM,ENB 118
207,202508-92859,Thursday,9:30 AM,10:45 AM,ENB 118
208,202508-91938,Tuesday,5:00 PM,6:15 PM,ULH 101
209,202508-91938,Thursday,5:00 PM,6:15 PM,ULH 101
210,202508-93316,Tuesday,2:00 PM,3:15 PM,ULH 101
211,202508-93316,Thursday,2:00 PM,3:15 PM,ULH 101
212,202508-97869,Monday,10:00 AM,5:00 PM,TBAT TBA
213,202508-97869,Tuesday,10:00 AM,5:00 PM,TBAT TBA
214,202508-97869,Wednesday,10:00 AM,5:00 PM,TBAT TBA
215,202508-97869,Thursday,10:00 AM,5:00 PM,TBAT TBA
216,202508-97869,Friday,10:00 AM,5:00 PM,TBAT TBA
217,202508-97765,Tuesday,6:30 PM,7:45 PM,EDU 347
218,202508-97765,Thursday,6:30 PM,7:45 PM,EDU 347
219,202508-97766,Tuesday,6:30 PM,7:45 PM,EDU 347
220,202508-97766,Thursday,6:30 PM,7:45 PM,EDU 347
221,202508-91941,Tuesday,5:00 PM,6:15 PM,CWY 107
222,202508-91941,Thursday,5:00 PM,6:15 PM,CWY 107
223,202508-97672,Tuesday,5:00 PM,6:15 PM,EDU 347
224,202508-97672,Thursday,5:00 PM,6:15 PM,EDU 347
225,202508-95430,Tuesday,8:00 AM,9:15 AM,SOC 150
226,202508-95430,Thursday,8:00 AM,9:15 AM,SOC 150
227,202508-98256,Tuesday,8:00 AM,9:15 AM,SOC 150
228,202508-98256,Thursday,8:00 AM,9:15 AM,SOC 150
229,202508-91945,Friday,11:00 AM,1:45 PM,CWY 107
230,202508-93981,,,,TBAT TBA
231,202508-91394,,,,OFFT OFF
232,202508-91947,Monday,12:30 PM,1:45 PM,CHE 101
233,202508-91947,Wednesday,12:30 PM,1:45 PM,CHE 101
234,202508-91949,Monday,12:30 PM,1:45 PM,CPR 125
235,202508-91949,Wednesday,12:30 PM,1:45 PM,CPR 125
236,202508-93150,Tuesday,3:30 PM,4:45 PM,SOC 149
237,202508-93150,Thursday,3:30 PM,4:45 PM,SOC 149
238,202508-91951,Tuesday,3:30 PM,4:45 PM,SOC 149
239,202508-91951,Thursday,3:30 PM,4:45 PM,SOC 149
240,202508-97679,Tuesday,11:00 AM,12:15 PM,BSN 1102
241,202508-97679,Thursday,11:00 AM,12:15 PM,BSN 1102
242,202508-91842,Monday,8:00 AM,9:15 AM,PCD 1147
243,202508-91842,Wednesday,8:00 AM,9:15 AM,PCD 1147
244,202508-91952,Monday,8:00 AM,9:15 AM,PCD 1147
245,202508-91952,Wednesday,8:00 AM,9:15 AM,PCD 1147
246,202508-92905,Tuesday,10:00 AM,11:45 AM,ENB 214
247,202508-92906,Tuesday,12:00 PM,1:45 PM,ENB 214
248,202508-97596,Tuesday,2:00 PM,3:15 PM,CHE 101
249,202508-97596,Thursday,2:00 PM,3:15 PM,CHE 101
250,202508-91955,Monday,3:30 PM,4:45 PM,CWY 109
251,202508-91955,Wednesday,3:30 PM,4:45 PM,CWY 109
252,202508-97824,Monday,3:30 PM,4:45 PM,CHE 102
253,202508-97824,Wednesday,3:30 PM,4:45 PM,CHE 102
254,202508-92903,Wednesday,8:00 AM,9:45 AM,ENB 214
255,202508-97659,Wednesday,6:00 PM,7:45 PM,ENB 214
256,202508-92900,Thursday,8:00 AM,9:45 AM,ENB 214
257,202508-92901,Thursday,12:00 PM,1:45 PM,ENB 214
258,202508-92902,Wednesday,10:00 AM,11:45 AM,ENB 214
259,202508-92904,Wednesday,12:00 PM,1:45 PM,ENB 214
260,202508-95881,Thursday,10:00 AM,11:45 AM,ENB 214
261,202508-92870,Thursday,2:00 PM,3:45 PM,NEC 300
262,202508-92878,Thursday,10:00 AM,11:45 AM,NEC 300
263,202508-92882,Thursday,12:00 PM,1:45 PM,NEC 300
264,202508-92884,Friday,10:00 AM,11:45 AM,NEC 300
265,202508-95436,Friday,12:00 PM,1:45 PM,NEC 300
266,202508-91973,Tuesday,8:00 AM,9:15 AM,ULH 101
267,202508-91973,Thursday,8:00 AM,9:15 AM,ULH 101
268,202508-91918,Tuesday,12:30 PM,1:45 PM,CWY 107
269,202508-91918,Thursday,12:30 PM,1:45 PM,CWY 107
270,202508-97734,Tuesday,3:30 PM,4:45 PM,SOC 152
271,202508-97734,Thursday,3:30 PM,4:45 PM,SOC 152
272,202508-92910,Friday,8:00 AM,9:45 AM,ENB 214
273,202508-93280,Friday,10:00 AM,11:45 AM,ENB 214
274,202508-93281,Friday,12:00 PM,1:45 PM,ENB 214
275,202508-92907,Thursday,4:00 PM,5:45 PM,ENB 214
276,202508-92908,Thursday,6:00 PM,7:45 PM,ENB 214
277,202508-91980,Monday,12:30 PM,1:45 PM,BSN 1201
278,202508-91980,Wednesday,12:30 PM,1:45 PM,BSN 1201
279,202508-91983,Tuesday,12:30 PM,1:45 PM,CMC 141
280,202508-91983,Thursday,12:30 PM,1:45 PM,CMC 141
281,202508-95874,Monday,12:30 PM,1:45 PM,CHE 102
282,202508-95874,Wednesday,12:30 PM,1:45 PM,CHE 102
283,202508-97805,,,,OFFT OFF
284,202508-97806,,,,OFFT OFF
285,202508-97850,Monday,11:00 AM,12:15 PM,BSN 1101
286,202508-97850,Wednesday,11:00 AM,12:15 PM,BSN 1101
287,202508-91392,,,,OFFT OFF
288,202508-97308,,,,OFFT OFF
289,202508-97309,,,,OFFT OFF
290,202508-97310,Tuesday,6:30 PM,8:05 PM,CPR 462
291,202508-91844,Monday,9:30 AM,10:45 AM,BSN 1201
292,202508-91844,Wednesday,9:30 AM,10:45 AM,BSN 1201
293,202508-91962,Monday,9:30 AM,10:45 AM,BSN 1201
294,202508-91962,Wednesday,9:30 AM,10:45 AM,BSN 1201
295,202508-91877,Tuesday,3:30 PM,4:45 PM,CPR 115
296,202508-91877,Thursday,3:30 PM,4:45 PM,CPR 115
297,202508-91838,Monday,11:00 AM,12:15 PM,BSN 1201
298,202508-91838,Wednesday,11:00 AM,12:15 PM,BSN 1201
299,202508-91988,Monday,11:00 AM,12:15 PM,BSN 1201
300,202508-91988,Wednesday,11:00 AM,12:15 PM,BSN 1201
301,202508-97617,Tuesday,2:00 PM,3:15 PM,ENB 118
302,202508-97617,Thursday,2:00 PM,3:15 PM,ENB 118
303,202508-97618,Tuesday,2:00 PM,3:15 PM,ENB 118
304,202508-97618,Thursday,2:00 PM,3:15 PM,ENB 118
305,202508-91990,Friday,11:00 AM,1:45 PM,ENG 4
306,202508-91992,Monday,9:30 AM,10:45 AM,SOC 152
307,202508-91992,Wednesday,9:30 AM,10:45 AM,SOC 152
308,202508-91994,Tuesday,2:00 PM,3:15 PM,CPR 103
309,202508-91994,Thursday,2:00 PM,3:15 PM,CPR 103
310,202508-91878,Tuesday,2:00 PM,3:15 PM,ULH 101
311,202508-91878,Thursday,2:00 PM,3:15 PM,ULH 101
312,202508-91395,,,,OFFT OFF
313,202508-92072,,,,OFFT OFF
314,202508-97314,,,,OFFT OFF
315,202508-97315,Thursday,6:30 PM,8:05 PM,CPR 462
316,202508-91996,Monday,5:00 PM,6:15 PM,CHE 103
317,202508-91996,Wednesday,5:00 PM,6:15 PM,CHE 103
318,202508-97424,Monday,3:30 PM,4:45 PM,CHE 303
319,202508-97424,Wednesday,3:30 PM,4:45 PM,CHE 303
320,202508-91390,,,,OFFT OFF
321,202508-97306,,,,OFFT OFF
322,202508-97307,Thursday,6:30 PM,8:05 PM,CHE 302
323,202508-91998,Monday,3:30 PM,4:45 PM,CHE 101
324,202508-91998,Wednesday,3:30 PM,4:45 PM,CHE 101
325,202508-91997,Tuesday,6:30 PM,7:45 PM,CWY 107
326,202508-91997,Thursday,6:30 PM,7:45 PM,CWY 107
327,202508-92002,,,,TBAT TBA
328,202508-91999,,,,TBAT TBA
329,202508-97494,,,,OFFT OFF
330,202508-97964,Tuesday,11:00 AM,12:15 PM,CPR 120
331,202508-97964,Thursday,11:00 AM,12:15 PM,CPR 120
332,202508-97965,Tuesday,11:00 AM,12:15 PM,CPR 120
333,202508-97965,Thursday,11:00 AM,12:15 PM,CPR 120
334,202508-95286,Tuesday,3:30 PM,4:45 PM,ENB 216
335,202508-95286,Thursday,3:30 PM,4:45 PM,ENB 216
336,202508-92004,Tuesday,12:30 PM,1:45 PM,ENB 216
337,202508-92004,Thursday,12:30 PM,1:45 PM,ENB 216
338,202508-92005,Monday,11:00 AM,12:15 PM,ENB 216
339,202508-92005,Wednesday,11:00 AM,12:15 PM,ENB 216
340,202508-91843,Monday,3:30 PM,4:45 PM,TBAT TBA
341,202508-91843,Wednesday,3:30 PM,4:45 PM,TBAT TBA
342,202508-92006,Monday,3:30 PM,4:45 PM,TBAT TBA
343,202508-92006,Wednesday,3:30 PM,4:45 PM,TBAT TBA
344,202508-92007,Tuesday,9:30 AM,10:45 AM,CHE 103
345,202508-92007,Thursday,9:30 AM,10:45 AM,CHE 103
346,202508-98156,Tuesday,9:30 AM,10:45 AM,CHE 103
347,202508-98156,Thursday,9:30 AM,10:45 AM,CHE 103
348,202508-97631,,,,TBAT TBA
349,202508-91915,Monday,5:00 PM,6:15 PM,BEH 103
350,202508-91915,Wednesday,5:00 PM,6:15 PM,BEH 103
351,202508-91840,Tuesday,5:00 PM,6:15 PM,PCD 1147
352,202508-91840,Thursday,5:00 PM,6:15 PM,PCD 1147
353,202508-95471,Tuesday,5:00 PM,6:15 PM,CHE 101
354,202508-95471,Thursday,5:00 PM,6:15 PM,CHE 101
355,202508-97552,Tuesday,5:00 PM,6:15 PM,CHE 101
356,202508-97552,Thursday,5:00 PM,6:15 PM,CHE 101
357,202508-95467,Tuesday,6:30 PM,7:45 PM,BEH 103
358,202508-95467,Thursday,6:30 PM,7:45 PM,BEH 103
359,202508-95962,,,,OFFT OFF
360,202508-95963,,,,OFFT OFF
361,202508-97678,Friday,8:00 AM,10:45 AM,CHE 100
362,202508-97919,,,,OFFT OFF
363,202508-91939,Monday,9:30 AM,10:45 AM,BEH 104
364,202508-91939,Wednesday,9:30 AM,10:45 AM,BEH 104
365,202508-97821,Monday,11:00 AM,12:15 PM,SOC 145
366,202508-97821,Wednesday,11:00 AM,12:15 PM,SOC 145
367,202508-97822,Monday,12:30 PM,1:45 PM,SOC 132
368,202508-97822,Wednesday,12:30 PM,1:45 PM,SOC 132
369,202508-91942,Tuesday,3:30 PM,4:45 PM,CHE 103
370,202508-91942,Thursday,3:30 PM,4:45 PM,CHE 103
371,202508-97904,Tuesday,3:30 PM,4:45 PM,CHE 103
372,202508-97904,Thursday,3:30 PM,4:45 PM,CHE 103
373,202508-97755,Tuesday,3:30 PM,4:45 PM,CHE 101
374,202508-97755,Thursday,3:30 PM,4:45 PM,CHE 101
375,202508-97858,Friday,11:00 AM,1:45 PM,CMC 109
376,202508-97859,,,,OFFT OFF
377,202508-94947,Tuesday,8:00 AM,9:15 AM,EDU 347
378,202508-94947,Thursday,8:00 AM,9:15 AM,EDU 347
379,202508-94948,Tuesday,8:00 AM,9:15 AM,EDU 347
380,202508-94948,Thursday,8:00 AM,9:15 AM,EDU 347
381,202508-98258,Friday,11:00 AM,1:45 PM,CHE 101
382,202508-95474,Friday,11:00 AM,1:45 PM,CHE 101
383,202508-91953,,,,TBAT TBA
384,202508-91882,Tuesday,9:30 AM,10:45 AM,CHE 100
385,202508-91882,Thursday,9:30 AM,10:45 AM,CHE 100
386,202508-97820,Tuesday,12:30 PM,1:45 PM,CIS 1047
387,202508-97820,Thursday,12:30 PM,1:45 PM,CIS 1047
388,202508-91954,Monday,2:00 PM,3:15 PM,CPR 115
389,202508-91954,Wednesday,2:00 PM,3:15 PM,CPR 115
390,202508-91831,Monday,5:00 PM,6:15 PM,CIS 1048
391,202508-91831,Wednesday,5:00 PM,6:15 PM,CIS 1048
392,202508-91957,Monday,11:00 AM,12:15 PM,CPR 115
393,202508-91957,Wednesday,11:00 AM,12:15 PM,CPR 115
394,202508-97605,Monday,2:00 PM,3:15 PM,SOC 152
395,202508-97605,Wednesday,2:00 PM,3:15 PM,SOC 152
396,202508-91958,Monday,2:00 PM,3:15 PM,FAH 101
397,202508-91958,Wednesday,2:00 PM,3:15 PM,FAH 101
398,202508-95473,Monday,2:00 PM,3:15 PM,FAH 101
399,202508-95473,Wednesday,2:00 PM,3:15 PM,FAH 101
400,202508-91832,Tuesday,6:30 PM,7:45 PM,CPR 103
401,202508-91832,Thursday,6:30 PM,7:45 PM,CPR 103
402,202508-91961,Tuesday,9:30 AM,10:45 AM,CWY 109
403,202508-91961,Thursday,9:30 AM,10:45 AM,CWY 109
404,202508-91960,Monday,3:30 PM,4:45 PM,EDU 347
405,202508-91960,Wednesday,3:30 PM,4:45 PM,EDU 347
406,202508-92947,Tuesday,5:00 PM,6:15 PM,CPR 103
407,202508-92947,Thursday,5:00 PM,6:15 PM,CPR 103
408,202508-92948,Tuesday,5:00 PM,6:15 PM,CPR 103
409,202508-92948,Thursday,5:00 PM,6:15 PM,CPR 103
410,202508-92949,Tuesday,5:00 PM,6:15 PM,CPR 103
411,202508-92949,Thursday,5:00 PM,6:15 PM,CPR 103
412,202508-92951,Tuesday,5:00 PM,6:15 PM,CIS 1048
413,202508-92951,Thursday,5:00 PM,6:15 PM,CIS 1048
414,202508-92952,Tuesday,5:00 PM,6:15 PM,CPR 103
415,202508-92952,Thursday,5:00 PM,6:15 PM,CPR 103
416,202508-92954,Tuesday,5:00 PM,6:15 PM,CIS 1048
417,202508-92954,Thursday,5:00 PM,6:15 PM,CIS 1048
418,202508-97750,Tuesday,5:00 PM,6:15 PM,CIS 1048
419,202508-97750,Thursday,5:00 PM,6:15 PM,CIS 1048
420,202508-97751,Tuesday,8:00 AM,9:15 AM,CHE 111
421,202508-97751,Thursday,8:00 AM,9:15 AM,CHE 111
422,202508-97752,Tuesday,8:00 AM,9:15 AM,CHE 111
423,202508-97752,Thursday,8:00 AM,9:15 AM,CHE 111
424,202508-97753,Tuesday,8:00 AM,9:15 AM,CHE 111
425,202508-97753,Thursday,8:00 AM,9:15 AM,CHE 111
426,202508-97960,Tuesday,5:00 PM,6:15 PM,CIS 1048
427,202508-97960,Thursday,5:00 PM,6:15 PM,CIS 1048
428,202508-97979,Tuesday,8:00 AM,9:15 AM,CHE 111
429,202508-97979,Thursday,8:00 AM,9:15 AM,CHE 111
430,202508-98248,Tuesday,5:00 PM,6:15 PM,
431,202508-98248,Thursday,5:00 PM,6:15 PM,
432,202508-98249,Tuesday,5:00 PM,6:15 PM,
433,202508-98249,Thursday,5:00 PM,6:15 PM,
434,202508-91964,Monday,3:30 PM,4:45 PM,CWY 107
435,202508-91964,Wednesday,3:30 PM,4:45 PM,CWY 107
436,202508-97674,Tuesday,9:30 AM,10:45 AM,CPR 127
437,202508-97674,Thursday,9:30 AM,10:45 AM,CPR 127
438,202508-91835,Friday,1:00 PM,1:50 PM,ENB 118
439,202508-91968,Monday,5:00 PM,6:15 PM,CWY 107
440,202508-91968,Wednesday,5:00 PM,6:15 PM,CWY 107
441,202508-92857,Monday,12:30 PM,1:45 PM,ENB 118
442,202508-92857,Wednesday,12:30 PM,1:45 PM,ENB 118
443,202508-92861,Tuesday,12:30 PM,1:45 PM,ENB 118
444,202508-92861,Thursday,12:30 PM,1:45 PM,ENB 118
445,202508-94945,Monday,9:30 AM,10:45 AM,ENB 118
446,202508-94945,Wednesday,9:30 AM,10:45 AM,ENB 118
447,202508-91970,,,,TBAT TBA
448,202508-93038,Tuesday,8:00 AM,9:15 AM,BSN 1201
449,202508-93038,Thursday,8:00 AM,9:15 AM,BSN 1201
450,202508-98257,Monday,6:30 PM,7:45 PM,CHE 103
451,202508-98257,Wednesday,6:30 PM,7:45 PM,CHE 103
452,202508-95920,Monday,12:30 PM,1:45 PM,CHE 303
453,202508-95920,Wednesday,12:30 PM,1:45 PM,CHE 303
454,202508-97445,Monday,11:00 AM,12:15 PM,SOC 149
455,202508-97445,Wednesday,11:00 AM,12:15 PM,SOC 149
456,202508-97619,Monday,11:00 AM,12:15 PM,SOC 149
457,202508-97619,Wednesday,11:00 AM,12:15 PM,SOC 149
458,202508-91971,Monday,9:30 AM,10:45 AM,CHE 103
459,202508-91971,Wednesday,9:30 AM,10:45 AM,CHE 103
460,202601-20447,Monday,6:30 PM,7:45 PM,CPR 115
461,202601-20447,Wednesday,6:30 PM,7:45 PM,CPR 115
462,202601-20448,Monday,6:30 PM,7:45 PM,CPR 115
463,202601-20448,Wednesday,6:30 PM,7:45 PM,CPR 115
464,202601-14915,Friday,11:00 AM,1:45 PM,CWY 107
465,202601-14922,Tuesday,12:30 PM,1:45 PM,CHE 103
466,202601-14922,Thursday,12:30 PM,1:45 PM,CHE 103
467,202601-14923,Monday,12:30 PM,1:45 PM,ENB 118
468,202601-14923,Wednesday,12:30 PM,1:45 PM,ENB 118
469,202601-14891,Monday,12:30 PM,1:45 PM,CMC 141
470,202601-14891,Wednesday,12:30 PM,1:45 PM,CMC 141
471,202601-17922,Monday,5:00 PM,6:15 PM,SOC 150
472,202601-17922,Wednesday,5:00 PM,6:15 PM,SOC 150
473,202601-15287,Monday,5:00 PM,6:15 PM,CPR 103
474,202601-15287,Wednesday,5:00 PM,6:15 PM,CPR 103
475,202601-17877,Monday,5:00 PM,6:15 PM,CPR 103
476,202601-17877,Wednesday,5:00 PM,6:15 PM,CPR 103
477,202601-20715,Monday,6:30 PM,7:45 PM,CMC 141
478,202601-20715,Wednesday,6:30 PM,7:45 PM,CMC 141
479,202601-20716,Monday,6:30 PM,7:45 PM,CMC 141
480,202601-20716,Wednesday,6:30 PM,7:45 PM,CMC 141
481,202601-14207,,,,OFFT OFF
482,202601-14331,,,,OFFT OFF
483,202601-20948,Thursday,6:30 PM,9:30 PM,NES 103
484,202601-20993,,,,OFFT OFF
485,202601-14892,Friday,8:00 AM,10:45 AM,CIS 1048
486,202601-14893,Monday,11:00 AM,12:15 PM,CHE 111
487,202601-14893,Wednesday,11:00 AM,12:15 PM,CHE 111
488,202601-14888,Friday,11:00 AM,1:45 PM,CHE 100
489,202601-17931,Tuesday,3:30 PM,4:45 PM,CHE 303
490,202601-17931,Thursday,3:30 PM,4:45 PM,CHE 303
491,202601-17435,,,,TBAT TBA
492,202601-14074,,,,OFFT OFF
493,202601-17879,Monday,11:00 AM,12:15 PM,PCD 1147
494,202601-17879,Wednesday,11:00 AM,12:15 PM,PCD 1147
495,202601-17880,Monday,11:00 AM,12:15 PM,PCD 1147
496,202601-17880,Wednesday,11:00 AM,12:15 PM,PCD 1147
497,202601-14881,Monday,5:00 PM,6:15 PM,CHE 100
498,202601-14881,Wednesday,5:00 PM,6:15 PM,CHE 100
499,202601-14882,Monday,9:30 AM,10:45 AM,CPR 115
500,202601-14882,Wednesday,9:30 AM,10:45 AM,CPR 115
501,202601-16004,Friday,10:00 AM,11:45 AM,ENB 214
502,202601-16005,Friday,12:00 PM,1:45 PM,ENB 214
503,202601-16009,Wednesday,11:30 AM,1:15 PM,ENB 214
504,202601-16010,Wednesday,1:30 PM,3:15 PM,ENB 214
505,202601-16011,Thursday,9:00 AM,10:45 AM,ENB 214
506,202601-16012,Thursday,11:30 AM,1:15 PM,ENB 214
507,202601-16023,Friday,1:00 PM,2:50 PM,NEC 300
508,202601-16024,Thursday,1:00 PM,2:50 PM,NEC 300
509,202601-16025,Friday,9:00 AM,10:50 AM,NEC 300
510,202601-16026,Thursday,11:00 AM,12:50 PM,NEC 300
511,202601-16027,Thursday,9:00 AM,10:50 AM,NEC 300
512,202601-15939,Tuesday,5:00 PM,6:15 PM,PCD 1147
513,202601-15939,Thursday,5:00 PM,6:15 PM,PCD 1147
514,202601-14894,Tuesday,2:00 PM,3:15 PM,ULH 101
515,202601-14894,Thursday,2:00 PM,3:15 PM,ULH 101
516,202601-14895,Tuesday,5:00 PM,6:15 PM,CMC 141
517,202601-14895,Thursday,5:00 PM,6:15 PM,CMC 141
518,202601-16013,Wednesday,5:00 PM,6:45 PM,ENB 214
519,202601-16014,Wednesday,8:00 AM,9:45 AM,ENB 214
520,202601-16015,Thursday,5:00 PM,6:45 PM,ENB 214
521,202601-16018,Friday,8:00 AM,9:45 AM,ENB 214
522,202601-16019,Friday,2:00 PM,3:45 PM,ENB 214
523,202601-16020,Tuesday,11:30 AM,1:15 PM,ENB 214
524,202601-14880,Monday,2:00 PM,3:15 PM,PCD 1147
525,202601-14880,Wednesday,2:00 PM,3:15 PM,PCD 1147
526,202601-14897,Tuesday,8:00 AM,9:15 AM,CWY 109
527,202601-14897,Thursday,8:00 AM,9:15 AM,CWY 109
528,202601-15851,Monday,3:30 PM,4:45 PM,CHE 101
529,202601-15851,Wednesday,3:30 PM,4:45 PM,CHE 101
530,202601-16021,Tuesday,1:30 PM,3:15 PM,ENB 214
531,202601-16022,Tuesday,3:30 PM,5:15 PM,ENB 214
532,202601-14330,,,,OFFT OFF
533,202601-20444,Tuesday,12:30 PM,1:45 PM,EDU 347
534,202601-20444,Thursday,12:30 PM,1:45 PM,EDU 347
535,202601-14073,,,,OFFT OFF
536,202601-20944,Tuesday,6:30 PM,9:30 PM,CHE 302
537,202601-20966,,,,OFFT OFF
538,202601-20441,Tuesday,11:00 AM,12:15 PM,BSN 1201
539,202601-20441,Thursday,11:00 AM,12:15 PM,BSN 1201
540,202601-20701,Friday,8:00 AM,10:45 AM,SOC 150
541,202601-20702,Friday,8:00 AM,10:45 AM,SOC 150
542,202601-15080,Tuesday,3:30 PM,4:45 PM,CHE 303
543,202601-15080,Thursday,3:30 PM,4:45 PM,CHE 303
544,202601-15928,Friday,11:00 AM,1:45 PM,ENC 1002
545,202601-20442,Tuesday,8:00 AM,9:15 AM,CMC 141
546,202601-20442,Thursday,8:00 AM,9:15 AM,CMC 141
547,202601-21275,Saturday,9:00 AM,11:45 AM,ENC 1002
548,202601-21276,Saturday,9:00 AM,11:45 AM,TBAT TBA
549,202601-21320,,,,OFFT OFF
550,202601-14898,Tuesday,2:00 PM,3:15 PM,FAH 101
551,202601-14898,Thursday,2:00 PM,3:15 PM,FAH 101
552,202601-14899,Monday,2:00 PM,3:15 PM,SOC 152
553,202601-14899,Wednesday,2:00 PM,3:15 PM,SOC 152
554,202601-14905,Monday,5:00 PM,6:15 PM,SOC 150
555,202601-14905,Wednesday,5:00 PM,6:15 PM,SOC 150
556,202601-14906,Tuesday,3:30 PM,4:45 PM,CWY 107
557,202601-14906,Thursday,3:30 PM,4:45 PM,CWY 107
558,202601-14075,,,,OFFT OFF
559,202601-14209,,,,OFFT OFF
560,202601-20947,Tuesday,6:30 PM,9:30 PM,CHE 302
561,202601-20968,,,,OFFT OFF
562,202601-14916,Monday,2:00 PM,3:15 PM,CHE 111
563,202601-14916,Wednesday,2:00 PM,3:15 PM,CHE 111
564,202601-17910,Tuesday,5:00 PM,6:15 PM,CHE 101
565,202601-17910,Thursday,5:00 PM,6:15 PM,CHE 101
566,202601-21028,,,,OFFT OFF
567,202601-21029,,,,OFFT OFF
568,202601-20709,Friday,8:00 AM,10:45 AM,SOC 151
569,202601-20710,Friday,8:00 AM,10:45 AM,SOC 151
570,202601-20712,Friday,11:00 AM,1:45 PM,SOC 150
571,202601-20713,Friday,11:00 AM,1:45 PM,SOC 150
572,202601-14072,,,,OFFT OFF
573,202601-20946,Thursday,6:30 PM,9:30 PM,CHE 302
574,202601-20965,,,,OFFT OFF
575,202601-15938,Monday,3:30 PM,4:45 PM,SOC 152
576,202601-15938,Wednesday,3:30 PM,4:45 PM,SOC 152
577,202601-20789,Monday,5:00 PM,6:15 PM,CWY 107
578,202601-20789,Wednesday,5:00 PM,6:15 PM,CWY 107
579,202601-20790,Monday,5:00 PM,6:15 PM,OFFT OFF
580,202601-20790,Wednesday,5:00 PM,6:15 PM,OFFT OFF
581,202601-15918,Tuesday,3:30 PM,4:45 PM,EDU 115
582,202601-15918,Thursday,3:30 PM,4:45 PM,EDU 115
583,202601-15919,Monday,5:00 PM,6:15 PM,CWY 107
584,202601-15919,Wednesday,5:00 PM,6:15 PM,CWY 107
585,202601-18747,Monday,12:30 PM,1:45 PM,BSN 1301
586,202601-18747,Wednesday,12:30 PM,1:45 PM,BSN 1301
587,202601-21159,Tuesday,5:00 PM,6:15 PM,EDU 115
588,202601-21159,Thursday,5:00 PM,6:15 PM,EDU 115
589,202601-15935,Monday,3:30 PM,4:45 PM,ULH 101
590,202601-15935,Wednesday,3:30 PM,4:45 PM,ULH 101
591,202601-20734,,,,OFFT OFF
592,202601-15932,Tuesday,12:30 PM,1:45 PM,ENB 216
593,202601-15932,Thursday,12:30 PM,1:45 PM,ENB 216
594,202601-15937,Tuesday,9:30 AM,10:45 AM,ENB 216
595,202601-15937,Thursday,9:30 AM,10:45 AM,ENB 216
596,202601-17912,Monday,11:00 AM,12:15 PM,ENB 216
597,202601-17912,Wednesday,11:00 AM,12:15 PM,ENB 216
598,202601-15074,Tuesday,3:30 PM,4:45 PM,BEH 103
599,202601-15074,Thursday,3:30 PM,4:45 PM,BEH 103
600,202601-20668,Tuesday,3:30 PM,4:45 PM,BEH 103
601,202601-20668,Thursday,3:30 PM,4:45 PM,BEH 103
602,202601-20449,Monday,3:30 PM,4:45 PM,SOC 151
603,202601-20449,Wednesday,3:30 PM,4:45 PM,SOC 151
604,202601-20450,Monday,3:30 PM,4:45 PM,SOC 151
605,202601-20450,Wednesday,3:30 PM,4:45 PM,SOC 151
606,202601-14901,Monday,6:30 PM,7:45 PM,CHE 111
607,202601-14901,Wednesday,6:30 PM,7:45 PM,CHE 111
608,202601-17915,Monday,3:30 PM,4:45 PM,PCD 1147
609,202601-17915,Wednesday,3:30 PM,4:45 PM,PCD 1147
610,202601-17916,Monday,3:30 PM,4:45 PM,PCD 1147
611,202601-17916,Wednesday,3:30 PM,4:45 PM,PCD 1147
612,202601-17920,Monday,12:30 PM,1:45 PM,CPR 122
613,202601-17920,Wednesday,12:30 PM,1:45 PM,CPR 122
614,202601-20674,,,,TBAT TBA
615,202601-14902,Monday,5:00 PM,6:15 PM,BEH 104
616,202601-14902,Wednesday,5:00 PM,6:15 PM,BEH 104
617,202601-20792,Tuesday,8:00 AM,9:15 AM,SOC 150
618,202601-20792,Thursday,8:00 AM,9:15 AM,SOC 150
619,202601-20706,Tuesday,8:00 AM,9:15 AM,SOC 150
620,202601-20706,Thursday,8:00 AM,9:15 AM,SOC 150
621,202601-20717,Tuesday,12:30 PM,1:45 PM,CPR 126
622,202601-20717,Thursday,12:30 PM,1:45 PM,CPR 126
623,202601-14904,Monday,11:00 AM,12:15 PM,CHE 103
624,202601-14904,Wednesday,11:00 AM,12:15 PM,CHE 103
625,202601-17921,Tuesday,5:00 PM,6:15 PM,FAH 101
626,202601-17921,Thursday,5:00 PM,6:15 PM,FAH 101
627,202601-18606,,,,OFFT OFF
628,202601-18608,,,,OFFT OFF
629,202601-20446,Tuesday,2:00 PM,3:15 PM,CWY 109
630,202601-20446,Thursday,2:00 PM,3:15 PM,CWY 109
631,202601-21012,,,,OFFT OFF
632,202601-21013,Tuesday,2:00 PM,3:15 PM,CWY 109
633,202601-21013,Thursday,2:00 PM,3:15 PM,CWY 109
634,202601-21062,Tuesday,2:00 PM,3:15 PM,CWY 109
635,202601-21062,Thursday,2:00 PM,3:15 PM,CWY 109
636,202601-14903,Monday,12:30 PM,1:45 PM,BEH 104
637,202601-14903,Wednesday,12:30 PM,1:45 PM,BEH 104
638,202601-20664,Wednesday,6:30 PM,9:15 PM,SOC 150
639,202601-21069,,,,TBAT TBA
640,202601-20666,Friday,11:00 AM,1:45 PM,CIS 1023
641,202601-15077,Tuesday,6:30 PM,7:45 PM,CHE 101
642,202601-15077,Thursday,6:30 PM,7:45 PM,CHE 101
643,202601-17923,Tuesday,6:30 PM,7:45 PM,CHE 101
644,202601-17923,Thursday,6:30 PM,7:45 PM,CHE 101
645,202601-15936,,,,OFFT OFF
646,202601-14332,,,,OFFT OFF
647,202601-14883,Monday,2:00 PM,3:15 PM,CWY 107
648,202601-14883,Wednesday,2:00 PM,3:15 PM,CWY 107
649,202601-14210,,,,OFFT OFF
650,202601-14329,,,,OFFT OFF
651,202601-20945,Thursday,6:30 PM,9:30 PM,NES 103
652,202601-20992,,,,OFFT OFF
653,202601-14889,Tuesday,5:00 PM,6:15 PM,CPR 115
654,202601-14889,Thursday,5:00 PM,6:15 PM,CPR 115
655,202601-14908,Monday,8:00 AM,9:15 AM,CIS 1048
656,202601-14908,Wednesday,8:00 AM,9:15 AM,CIS 1048
657,202601-14909,Tuesday,9:30 AM,10:45 AM,BSN 1301
658,202601-14909,Thursday,9:30 AM,10:45 AM,BSN 1301
659,202601-15280,Monday,5:00 PM,6:15 PM,ISA 1061
660,202601-15280,Wednesday,5:00 PM,6:15 PM,ISA 1061
661,202601-15281,Monday,5:00 PM,6:15 PM,ISA 1061
662,202601-15281,Wednesday,5:00 PM,6:15 PM,ISA 1061
663,202601-14890,Monday,5:00 PM,6:15 PM,CWY 109
664,202601-14890,Wednesday,5:00 PM,6:15 PM,CWY 109
665,202601-14879,Monday,11:00 AM,12:15 PM,CWY 109
666,202601-14879,Wednesday,11:00 AM,12:15 PM,CWY 109
667,202601-14887,Monday,6:30 PM,7:45 PM,CHE 100
668,202601-14887,Wednesday,6:30 PM,7:45 PM,CHE 100
669,202601-15120,Tuesday,3:30 PM,4:45 PM,BSN 1100
670,202601-15120,Thursday,3:30 PM,4:45 PM,BSN 1100
671,202601-15121,Tuesday,3:30 PM,4:45 PM,BSN 1100
672,202601-15121,Thursday,3:30 PM,4:45 PM,BSN 1100
673,202601-15122,Tuesday,3:30 PM,4:45 PM,BSN 1100
674,202601-15122,Thursday,3:30 PM,4:45 PM,BSN 1100
675,202601-15123,Tuesday,3:30 PM,4:45 PM,BSN 1100
676,202601-15123,Thursday,3:30 PM,4:45 PM,BSN 1100
677,202601-20703,Monday,3:30 PM,4:45 PM,SOC 150
678,202601-20703,Wednesday,3:30 PM,4:45 PM,SOC 150
679,202601-20704,Monday,3:30 PM,4:45 PM,SOC 150
680,202601-20704,Wednesday,3:30 PM,4:45 PM,SOC 150
681,202601-15930,,,,OFFT OFF
682,202601-15931,,,,OFFT OFF
683,202601-14910,Monday,3:30 PM,4:45 PM,CWY 107
684,202601-14910,Wednesday,3:30 PM,4:45 PM,CWY 107
685,202601-14911,Monday,12:30 PM,1:45 PM,BEH 103
686,202601-14911,Wednesday,12:30 PM,1:45 PM,BEH 103
687,202601-15929,Friday,1:00 PM,1:50 PM,ENB 118
688,202601-15278,Tuesday,11:00 AM,12:15 PM,SOC 152
689,202601-15278,Thursday,11:00 AM,12:15 PM,SOC 152
690,202601-20443,Tuesday,11:00 AM,12:15 PM,SOC 152
691,202601-20443,Thursday,11:00 AM,12:15 PM,SOC 152
692,202601-15284,Tuesday,3:30 PM,4:45 PM,CIS 1048
693,202601-15284,Thursday,3:30 PM,4:45 PM,CIS 1048
694,202601-17925,Tuesday,3:30 PM,4:45 PM,CIS 1048
695,202601-17925,Thursday,3:30 PM,4:45 PM,CIS 1048
696,202601-14913,Monday,3:30 PM,4:45 PM,CHE 111
697,202601-14913,Wednesday,3:30 PM,4:45 PM,CHE 111
698,202601-14914,Tuesday,5:00 PM,6:15 PM,BSN 1301
699,202601-14914,Thursday,5:00 PM,6:15 PM,BSN 1301
700,202601-14924,Tuesday,9:30 AM,10:45 AM,ENB 118
701,202601-14924,Thursday,9:30 AM,10:45 AM,ENB 118
702,202601-14925,Monday,9:30 AM,10:45 AM,ENB 118
703,202601-14925,Wednesday,9:30 AM,10:45 AM,ENB 118
704,202601-15933,,,,OFFT OFF
705,202601-15081,Monday,2:00 PM,3:15 PM,CWY 109
706,202601-15081,Wednesday,2:00 PM,3:15 PM,CWY 109
707,202601-15082,Monday,2:00 PM,3:15 PM,CWY 109
708,202601-15082,Wednesday,2:00 PM,3:15 PM,CWY 109
709,202601-18838,Tuesday,3:30 PM,4:45 PM,CHE 103
710,202601-18838,Thursday,3:30 PM,4:45 PM,CHE 103
711,202601-15288,Monday,12:30 PM,1:45 PM,CHE 217
712,202601-15288,Wednesday,12:30 PM,1:45 PM,CHE 217
713,202601-15289,Monday,12:30 PM,1:45 PM,CHE 217
714,202601-15289,Wednesday,12:30 PM,1:45 PM,CHE 217
715,202201-12607,Tuesday,9:30 AM,10:45 AM,EDU 347
716,202201-12607,Thursday,9:30 AM,10:45 AM,EDU 347
717,202201-14223,,,,
718,202201-22057,Tuesday,12:30 PM,1:45 PM,ISA 3048
719,202201-22057,Thursday,12:30 PM,1:45 PM,ISA 3048
720,202201-10643,Tuesday,2:00 PM,3:15 PM,CIS 1048
721,202201-10643,Thursday,2:00 PM,3:15 PM,CIS 1048
722,202201-15437,Friday,11:00 AM,1:45 PM,CIS 1048
723,202201-25370,Tuesday,2:00 PM,3:15 PM,BSN 2205
724,202201-25370,Thursday,2:00 PM,3:15 PM,BSN 2205
725,202201-25764,Monday,2:00 PM,3:15 PM,CIS 1048
726,202201-25764,Wednesday,2:00 PM,3:15 PM,CIS 1048
727,202201-21399,Monday,2:00 PM,3:15 PM,CIS 1048
728,202201-21399,Wednesday,2:00 PM,3:15 PM,CIS 1048
729,202201-17916,Monday,3:30 PM,4:45 PM,ENC 1002
730,202201-17916,Wednesday,3:30 PM,4:45 PM,ENC 1002
731,202201-20937,Monday,3:30 PM,4:45 PM,ENC 1002
732,202201-20937,Wednesday,3:30 PM,4:45 PM,ENC 1002
733,202201-23476,Monday,5:00 PM,6:15 PM,BSN 2205
734,202201-23476,Wednesday,5:00 PM,6:15 PM,BSN 2205
735,202201-23477,Monday,5:00 PM,6:15 PM,BSN 2205
736,202201-23477,Wednesday,5:00 PM,6:15 PM,BSN 2205
737,202201-17913,Tuesday,3:30 PM,4:45 PM,ENG 3
738,202201-17913,Thursday,3:30 PM,4:45 PM,ENG 3
739,202201-12028,Tuesday,12:30 PM,1:45 PM,SOC 150
740,202201-12028,Thursday,12:30 PM,1:45 PM,SOC 150
741,202201-10635,Tuesday,3:30 PM,4:45 PM,EDU 115
742,202201-10635,Thursday,3:30 PM,4:45 PM,EDU 115
743,202201-21043,Monday,9:30 AM,10:45 AM,
744,202201-21043,Wednesday,9:30 AM,10:45 AM,
745,202201-25662,Wednesday,11:30 AM,1:15 PM,
746,202201-25663,Wednesday,1:30 PM,3:15 PM,
747,202201-25665,Thursday,10:00 AM,11:45 AM,
748,202201-25666,Thursday,12:00 PM,1:45 PM,
749,202201-18697,Monday,9:30 AM,10:45 AM,
750,202201-18697,Wednesday,9:30 AM,10:45 AM,
751,202201-18909,Tuesday,9:00 AM,10:45 AM,
752,202201-25667,Wednesday,3:30 PM,5:15 PM,ENB 216
753,202201-10632,Monday,2:00 PM,3:15 PM,
754,202201-10632,Wednesday,2:00 PM,3:15 PM,
755,202201-19809,Tuesday,2:00 PM,3:15 PM,
756,202201-19809,Thursday,2:00 PM,3:15 PM,
757,202201-10633,Wednesday,5:30 PM,7:15 PM,
758,202201-10634,Wednesday,3:30 PM,5:15 PM,
759,202201-12029,Friday,2:00 PM,3:45 PM,
760,202201-17907,Friday,10:00 AM,11:45 AM,
761,202201-25702,Thursday,4:00 PM,5:45 PM,
762,202201-17908,Friday,12:00 PM,1:45 PM,
763,202201-11040,Tuesday,9:30 AM,10:45 AM,
764,202201-11040,Thursday,9:30 AM,10:45 AM,
765,202201-18460,Tuesday,12:30 PM,1:45 PM,
766,202201-18460,Thursday,12:30 PM,1:45 PM,
767,202201-13499,Monday,3:30 PM,4:45 PM,
768,202201-13499,Wednesday,3:30 PM,4:45 PM,
769,202201-13500,Wednesday,9:30 AM,10:45 AM,
770,202201-13501,Thursday,2:00 PM,3:45 PM,
771,202201-18469,Tuesday,2:00 PM,3:15 PM,
772,202201-18469,Thursday,2:00 PM,3:15 PM,
773,202201-23478,Tuesday,5:00 PM,6:15 PM,
774,202201-23478,Thursday,5:00 PM,6:15 PM,
775,202201-23479,Tuesday,5:00 PM,6:15 PM,
776,202201-23479,Thursday,5:00 PM,6:15 PM,
777,202201-10637,Friday,11:00 AM,1:45 PM,
778,202201-13504,Tuesday,5:00 PM,6:15 PM,
779,202201-13504,Thursday,5:00 PM,6:15 PM,
780,202201-18834,Tuesday,12:30 PM,1:45 PM,
781,202201-18834,Thursday,12:30 PM,1:45 PM,
782,202201-15566,Monday,2:00 PM,3:15 PM,
783,202201-15566,Wednesday,2:00 PM,3:15 PM,
784,202201-11570,Tuesday,11:00 AM,12:15 PM,
785,202201-11570,Thursday,11:00 AM,12:15 PM,
786,202201-23480,Monday,9:30 AM,10:45 AM,
787,202201-23480,Wednesday,9:30 AM,10:45 AM,
788,202201-18461,Monday,11:00 AM,12:15 PM,
789,202201-18461,Wednesday,11:00 AM,12:15 PM,
790,202201-10636,Tuesday,11:00 AM,12:15 PM,
791,202201-10636,Thursday,11:00 AM,12:15 PM,
792,202201-13503,Monday,5:00 PM,6:15 PM,
793,202201-13503,Wednesday,5:00 PM,6:15 PM,
794,202201-17911,Monday,9:30 AM,10:45 AM,
795,202201-17911,Wednesday,9:30 AM,10:45 AM,
796,202201-25369,Monday,2:00 PM,3:15 PM,
797,202201-25369,Wednesday,2:00 PM,3:15 PM,
798,202201-13498,Monday,12:30 PM,1:45 PM,
799,202201-13498,Wednesday,12:30 PM,1:45 PM,
800,202201-20940,,,,
801,202201-18484,Tuesday,5:00 PM,6:15 PM,
802,202201-18484,Thursday,5:00 PM,6:15 PM,
803,202201-22050,Tuesday,2:00 PM,3:15 PM,
804,202201-22050,Thursday,2:00 PM,3:15 PM,
805,202201-23473,Tuesday,11:00 AM,12:15 PM,
806,202201-23473,Thursday,11:00 AM,12:15 PM,
807,202201-20941,Tuesday,2:00 PM,3:15 PM,
808,202201-20941,Thursday,2:00 PM,3:15 PM,
809,202201-22984,Tuesday,2:00 PM,3:15 PM,
810,202201-22984,Thursday,2:00 PM,3:15 PM,
811,202201-21682,Tuesday,2:00 PM,3:15 PM,
812,202201-21682,Thursday,2:00 PM,3:15 PM,
813,202201-12601,,,,
814,202201-12532,Monday,12:30 PM,1:45 PM,
815,202201-12532,Wednesday,12:30 PM,1:45 PM,
816,202201-25361,Monday,9:30 AM,10:45 AM,
817,202201-25361,Wednesday,9:30 AM,10:45 AM,
818,202201-25362,Monday,9:30 AM,10:45 AM,
819,202201-25362,Wednesday,9:30 AM,10:45 AM,
820,202201-10762,Monday,5:00 PM,6:15 PM,
821,202201-10762,Wednesday,5:00 PM,6:15 PM,
822,202201-18693,Monday,12:30 PM,1:45 PM,
823,202201-18693,Wednesday,12:30 PM,1:45 PM,
824,202201-21042,Monday,9:30 AM,10:45 AM,
825,202201-21042,Wednesday,9:30 AM,10:45 AM,
826,202201-23460,Monday,11:00 AM,12:15 PM,
827,202201-23460,Wednesday,11:00 AM,12:15 PM,
828,202201-12158,Monday,12:30 PM,1:45 PM,
829,202201-12158,Wednesday,12:30 PM,1:45 PM,
830,202201-20939,Tuesday,12:30 PM,1:45 PM,
831,202201-20939,Thursday,12:30 PM,1:45 PM,
832,202201-20248,Tuesday,9:30 AM,10:45 AM,
833,202201-20248,Thursday,9:30 AM,10:45 AM,
834,202201-22049,Tuesday,12:30 PM,1:45 PM,
835,202201-22049,Thursday,12:30 PM,1:45 PM,
836,202201-19179,Monday,11:00 AM,12:15 PM,
837,202201-19179,Wednesday,11:00 AM,12:15 PM,
838,202201-22608,Monday,2:00 PM,3:15 PM,
839,202201-22608,Wednesday,2:00 PM,3:15 PM,
840,202201-23061,Monday,2:00 PM,3:15 PM,
841,202201-23061,Wednesday,2:00 PM,3:15 PM,
842,202201-20946,Tuesday,5:00 PM,7:45 PM,
843,202201-25699,Tuesday,5:00 PM,7:45 PM,
844,202201-11854,,,,
845,202201-10641,Tuesday,9:30 AM,10:45 AM,
846,202201-10641,Thursday,9:30 AM,10:45 AM,
847,202201-10640,Tuesday,9:30 AM,10:45 AM,
848,202201-10640,Thursday,9:30 AM,10:45 AM,
849,202201-24149,Monday,11:00 AM,12:15 PM,
850,202201-24149,Wednesday,11:00 AM,12:15 PM,
851,202201-21895,Monday,11:00 AM,12:15 PM,
852,202201-21895,Wednesday,11:00 AM,12:15 PM,
853,202201-16951,Tuesday,11:00 AM,12:15 PM,
854,202201-16951,Thursday,11:00 AM,12:15 PM,
855,202201-10639,Monday,12:30 PM,1:45 PM,
856,202201-10639,Wednesday,12:30 PM,1:45 PM,
857,202201-10763,Monday,5:00 PM,6:15 PM,
858,202201-10763,Wednesday,5:00 PM,6:15 PM,
859,202201-10638,Tuesday,2:00 PM,3:15 PM,
860,202201-10638,Thursday,2:00 PM,3:15 PM,
861,202201-11916,Monday,12:30 PM,1:45 PM,
862,202201-11916,Wednesday,12:30 PM,1:45 PM,
863,202201-21111,Tuesday,11:00 AM,12:15 PM,
864,202201-21111,Thursday,11:00 AM,12:15 PM,
865,202201-19262,Tuesday,11:00 AM,12:15 PM,
866,202201-19262,Thursday,11:00 AM,12:15 PM,
867,202201-25697,Tuesday,5:00 PM,7:45 PM,
868,202201-22603,,,,
869,202201-17917,,,,
870,202201-25359,Monday,12:30 PM,1:45 PM,
871,202201-25359,Wednesday,12:30 PM,1:45 PM,
872,202201-16885,Friday,1:00 PM,1:50 PM,
873,202201-19546,,,,
874,202201-12030,Tuesday,5:00 PM,6:15 PM,
875,202201-12030,Thursday,5:00 PM,6:15 PM,
876,202201-16606,Monday,9:30 AM,10:45 AM,
877,202201-16606,Wednesday,9:30 AM,10:45 AM,
878,202201-25360,Tuesday,11:00 AM,12:15 PM,
879,202201-25360,Thursday,11:00 AM,12:15 PM,
880,202201-21254,,,,
881,202201-22051,Monday,12:30 PM,1:45 PM,
882,202201-22051,Wednesday,12:30 PM,1:45 PM,
883,202201-13382,Tuesday,12:30 PM,1:45 PM,
884,202201-13382,Thursday,12:30 PM,1:45 PM,
885,202201-25690,Monday,2:00 PM,3:15 PM,
886,202201-25690,Wednesday,2:00 PM,3:15 PM,
887,202201-25689,Monday,2:00 PM,3:15 PM,
888,202201-25689,Wednesday,2:00 PM,3:15 PM,
889,202201-18702,,,,
890,202208-95680,Monday,9:30 AM,10:45 AM,CIS 3064
891,202208-95680,Wednesday,9:30 AM,10:45 AM,CIS 3064
892,202208-84224,Tuesday,5:00 PM,6:15 PM,CHE 101
893,202208-84224,Thursday,5:00 PM,6:15 PM,CHE 101
894,202208-95793,,,,
895,202208-85141,Monday,11:00 AM,12:15 PM,CHE 101
896,202208-85141,Wednesday,11:00 AM,12:15 PM,CHE 101
897,202208-89349,Monday,9:30 AM,10:45 AM,CIS 3064
898,202208-89349,Wednesday,9:30 AM,10:45 AM,CIS 3064
899,202208-90889,Tuesday,5:00 PM,6:15 PM,ENA 105
900,202208-90889,Thursday,5:00 PM,6:15 PM,ENA 105
901,202208-91426,Tuesday,12:30 PM,1:45 PM,CHA 303
902,202208-91426,Thursday,12:30 PM,1:45 PM,CHA 303
903,202208-88554,Friday,11:00 AM,1:45 PM,SOC 149
904,202208-95862,Monday,2:00 PM,3:15 PM,BSN 1102
905,202208-95862,Wednesday,2:00 PM,3:15 PM,BSN 1102
906,202208-95863,Monday,2:00 PM,3:15 PM,BSN 1102
907,202208-95863,Wednesday,2:00 PM,3:15 PM,BSN 1102
908,202208-83488,Monday,11:00 AM,12:15 PM,SOC 150
909,202208-83488,Wednesday,11:00 AM,12:15 PM,SOC 150
910,202208-91393,Monday,11:00 AM,12:15 PM,SOC 150
911,202208-91393,Wednesday,11:00 AM,12:15 PM,SOC 150
912,202208-95868,Tuesday,11:00 AM,12:15 PM,BEH 104
913,202208-95868,Thursday,11:00 AM,12:15 PM,BEH 104
914,202208-91335,Tuesday,11:00 AM,12:15 PM,BEH 104
915,202208-91335,Thursday,11:00 AM,12:15 PM,BEH 104
916,202208-82260,Monday,3:30 PM,4:45 PM,SOC 151
917,202208-82260,Wednesday,3:30 PM,4:45 PM,SOC 151
918,202208-90338,Monday,3:30 PM,4:45 PM,SOC 151
919,202208-90338,Wednesday,3:30 PM,4:45 PM,SOC 151
920,202208-83989,Thursday,1:00 PM,2:50 PM,ENB 214
921,202208-83990,Friday,10:00 AM,11:50 AM,ENB 214
922,202208-87381,Tuesday,11:00 AM,12:15 PM,SOC 146
923,202208-87381,Thursday,11:00 AM,12:15 PM,SOC 146
924,202208-80733,Tuesday,3:30 PM,4:45 PM,CIS 1048
925,202208-80733,Thursday,3:30 PM,4:45 PM,CIS 1048
926,202208-94580,Wednesday,11:00 AM,12:50 PM,ENB 216
927,202208-94581,Wednesday,1:00 PM,2:50 PM,ENB 216
928,202208-94582,Wednesday,9:00 AM,10:50 AM,ENB 216
929,202208-88988,Tuesday,5:00 PM,7:45 PM,SOC 150
930,202208-80730,Tuesday,12:30 PM,1:45 PM,ENA 105
931,202208-80730,Thursday,12:30 PM,1:45 PM,ENA 105
932,202208-89348,Tuesday,12:30 PM,1:45 PM,SOC 149
933,202208-89348,Thursday,12:30 PM,1:45 PM,SOC 149
934,202208-80731,Friday,12:00 PM,1:50 PM,ENB 214
935,202208-82781,Friday,2:00 PM,3:50 PM,ENB 214
936,202208-80732,Thursday,3:00 PM,4:50 PM,ENB 214
937,202208-89243,Wednesday,3:00 PM,4:50 PM,ENB 214
938,202208-89244,Wednesday,12:00 PM,1:50 PM,ENB 214
939,202208-94584,Thursday,9:00 AM,10:50 AM,ENB 216
940,202208-94583,Thursday,11:00 AM,12:50 PM,ENB 216
941,202208-81151,Tuesday,12:30 PM,1:45 PM,CWY 109
942,202208-81151,Thursday,12:30 PM,1:45 PM,CWY 109
943,202208-88185,Monday,2:00 PM,3:15 PM,CWY 107
944,202208-88185,Wednesday,2:00 PM,3:15 PM,CWY 107
945,202208-85971,Tuesday,2:00 PM,3:15 PM,EDU 316
946,202208-85971,Thursday,2:00 PM,3:15 PM,EDU 316
947,202208-95656,Tuesday,11:00 AM,12:15 PM,FAH 101
948,202208-95656,Thursday,11:00 AM,12:15 PM,FAH 101
949,202208-95657,Tuesday,11:00 AM,12:15 PM,FAH 101
950,202208-95657,Thursday,11:00 AM,12:15 PM,FAH 101
951,202208-82592,Tuesday,9:30 AM,10:45 AM,BSF 100
952,202208-82592,Thursday,9:30 AM,10:45 AM,BSF 100
953,202208-84803,Tuesday,9:30 AM,10:45 AM,BSF 100
954,202208-84803,Thursday,9:30 AM,10:45 AM,BSF 100
955,202208-80736,Friday,11:00 AM,1:45 PM,ENG 3
956,202208-90746,,,,
957,202208-86125,Monday,11:00 AM,12:15 PM,EDU 347
958,202208-86125,Wednesday,11:00 AM,12:15 PM,EDU 347
959,202208-95867,Monday,12:30 PM,1:45 PM,BSN 2200
960,202208-95867,Wednesday,12:30 PM,1:45 PM,BSN 2200
961,202208-94579,Monday,12:30 PM,1:45 PM,BSN 2200
962,202208-94579,Wednesday,12:30 PM,1:45 PM,BSN 2200
963,202208-84299,Tuesday,8:00 AM,9:15 AM,BEH 104
964,202208-84299,Thursday,8:00 AM,9:15 AM,BEH 104
965,202208-94640,Monday,5:00 PM,6:15 PM,SOC 152
966,202208-94640,Wednesday,5:00 PM,6:15 PM,SOC 152
967,202208-80918,Monday,12:30 PM,1:45 PM,CHE 303
968,202208-80918,Wednesday,12:30 PM,1:45 PM,CHE 303
969,202208-86661,Tuesday,11:00 AM,12:15 PM,CPR 460
970,202208-86661,Thursday,11:00 AM,12:15 PM,CPR 460
971,202208-89240,Monday,11:00 AM,12:15 PM,ENC 1002
972,202208-89240,Wednesday,11:00 AM,12:15 PM,ENC 1002
973,202208-90632,,,,
974,202208-92351,Tuesday,2:00 PM,3:15 PM,EDU 115
975,202208-92351,Thursday,2:00 PM,3:15 PM,EDU 115
976,202208-95659,Tuesday,9:30 AM,10:45 AM,ENB 216
977,202208-95659,Thursday,9:30 AM,10:45 AM,ENB 216
978,202208-92370,Monday,3:30 PM,4:45 PM,EDU 347
979,202208-92370,Wednesday,3:30 PM,4:45 PM,EDU 347
980,202208-94803,Monday,3:30 PM,4:45 PM,EDU 347
981,202208-94803,Wednesday,3:30 PM,4:45 PM,EDU 347
982,202208-90237,Tuesday,9:30 AM,10:45 AM,CHE 100
983,202208-90237,Thursday,9:30 AM,10:45 AM,CHE 100
984,202208-80919,Tuesday,9:30 AM,10:45 AM,CHE 100
985,202208-80919,Thursday,9:30 AM,10:45 AM,CHE 100
986,202208-95634,Monday,12:30 PM,1:45 PM,CWY 107
987,202208-95634,Wednesday,12:30 PM,1:45 PM,CWY 107
988,202208-94410,Monday,12:30 PM,1:45 PM,CWY 107
989,202208-94410,Wednesday,12:30 PM,1:45 PM,CWY 107
990,202208-81701,Tuesday,2:00 PM,3:15 PM,MHA 126BC
991,202208-81701,Thursday,2:00 PM,3:15 PM,MHA 126BC
992,202208-80734,Monday,5:00 PM,6:15 PM,SOC 151
993,202208-80734,Wednesday,5:00 PM,6:15 PM,SOC 151
994,202208-88983,Monday,9:30 AM,10:45 AM,CWY 109
995,202208-88983,Wednesday,9:30 AM,10:45 AM,CWY 109
996,202208-80741,Tuesday,5:00 PM,6:15 PM,CMC 141
997,202208-80741,Thursday,5:00 PM,6:15 PM,CMC 141
998,202208-82774,,,,
999,202208-92983,Tuesday,8:00 AM,9:15 AM,CHE 303
1000,202208-92983,Thursday,8:00 AM,9:15 AM,CHE 303
1001,202208-90241,Tuesday,11:00 AM,12:15 PM,CHE 103
1002,202208-90241,Thursday,11:00 AM,12:15 PM,CHE 103
1003,202208-90441,Tuesday,3:30 PM,4:45 PM,CHE 101A
1004,202208-90441,Thursday,3:30 PM,4:45 PM,CHE 101A
1005,202208-91940,Monday,2:00 PM,3:15 PM,CHE 101
1006,202208-91940,Wednesday,2:00 PM,3:15 PM,CHE 101
1007,202208-90806,Tuesday,2:00 PM,3:15 PM,SOC 150
1008,202208-90806,Thursday,2:00 PM,3:15 PM,SOC 150
1009,202208-89344,Tuesday,9:30 AM,10:45 AM,SOC 150
1010,202208-89344,Thursday,9:30 AM,10:45 AM,SOC 150
1011,202208-93058,Tuesday,3:30 PM,4:45 PM,CHE 101
1012,202208-93058,Thursday,3:30 PM,4:45 PM,CHE 101
1013,202208-89343,Monday,11:00 AM,12:15 PM,CIS 1048
1014,202208-89343,Wednesday,11:00 AM,12:15 PM,CIS 1048
1015,202208-92879,Tuesday,2:00 PM,3:15 PM,SOC 152
1016,202208-92879,Thursday,2:00 PM,3:15 PM,SOC 152
1017,202208-93192,Friday,11:00 AM,1:45 PM,CHE 111
1018,202208-91950,Tuesday,9:30 AM,10:45 AM,SOC 152
1019,202208-91950,Thursday,9:30 AM,10:45 AM,SOC 152
1020,202208-94645,Monday,3:30 PM,4:45 PM,CHE 103
1021,202208-94645,Wednesday,3:30 PM,4:45 PM,CHE 103
1022,202208-94646,Monday,3:30 PM,4:45 PM,CHE 103
1023,202208-94646,Wednesday,3:30 PM,4:45 PM,CHE 103
1024,202208-91424,Tuesday,3:30 PM,4:45 PM,CHE 111
1025,202208-91424,Thursday,3:30 PM,4:45 PM,CHE 111
1026,202208-90238,Tuesday,3:30 PM,4:45 PM,CHE 111
1027,202208-90238,Thursday,3:30 PM,4:45 PM,CHE 111
1028,202208-91339,,,,
1029,202208-86699,Monday,2:00 PM,3:15 PM,CPR 115
1030,202208-86699,Wednesday,2:00 PM,3:15 PM,CPR 115
1031,202208-90206,Monday,5:00 PM,6:15 PM,CMC 141
1032,202208-90206,Wednesday,5:00 PM,6:15 PM,CMC 141
1033,202208-95660,Monday,2:00 PM,3:15 PM,SOC 151
1034,202208-95660,Wednesday,2:00 PM,3:15 PM,SOC 151
1035,202208-83894,Monday,11:00 AM,12:15 PM,PCD 1147
1036,202208-83894,Wednesday,11:00 AM,12:15 PM,PCD 1147
1037,202208-82591,Monday,11:00 AM,12:15 PM,PCD 1147
1038,202208-82591,Wednesday,11:00 AM,12:15 PM,PCD 1147
1039,202208-80742,Monday,5:00 PM,6:15 PM,CIS 1048
1040,202208-80742,Wednesday,5:00 PM,6:15 PM,CIS 1048
1041,202208-81031,,,,
1042,202208-80738,Monday,9:30 AM,10:45 AM,CHE 103
1043,202208-80738,Wednesday,9:30 AM,10:45 AM,CHE 103
1044,202208-88165,Monday,12:30 PM,1:45 PM,CHE 101
1045,202208-88165,Wednesday,12:30 PM,1:45 PM,CHE 101
1046,202208-80737,Monday,11:00 AM,12:15 PM,CMC 141
1047,202208-80737,Wednesday,11:00 AM,12:15 PM,CMC 141
1048,202208-80915,Tuesday,11:00 AM,12:15 PM,SOC 150
1049,202208-80915,Thursday,11:00 AM,12:15 PM,SOC 150
1050,202208-84071,Tuesday,2:00 PM,3:15 PM,SOC 149
1051,202208-84071,Thursday,2:00 PM,3:15 PM,SOC 149
1052,202208-87130,,,,
1053,202208-89606,,,,
1054,202208-92721,Monday,5:00 PM,6:15 PM,CHE 103
1055,202208-92721,Wednesday,5:00 PM,6:15 PM,CHE 103
1056,202208-90903,Friday,1:00 PM,1:50 PM,ENB 118
1057,202208-89353,Tuesday,2:00 PM,3:15 PM,CHE 111
1058,202208-89353,Thursday,2:00 PM,3:15 PM,CHE 111
1059,202208-91337,Monday,8:00 AM,9:15 AM,CHE 103
1060,202208-91337,Wednesday,8:00 AM,9:15 AM,CHE 103
1061,202208-85849,Monday,2:00 PM,3:15 PM,ENB 118
1062,202208-85849,Wednesday,2:00 PM,3:15 PM,ENB 118
1063,202208-85049,Tuesday,5:00 PM,6:15 PM,EDU 411
1064,202208-85049,Thursday,5:00 PM,6:15 PM,EDU 411
1065,202208-90730,,,,
1066,202208-82252,Monday,12:30 PM,1:45 PM,ENB 118
1067,202208-82252,Wednesday,12:30 PM,1:45 PM,ENB 118
1068,202208-88026,Friday,11:00 AM,1:45 PM,SOC 150
1069,202301-12472,Tuesday,11:00 AM,12:15 PM,EDU 347
1070,202301-12472,Thursday,11:00 AM,12:15 PM,EDU 347
1071,202301-13994,Tuesday,8:00 AM,9:15 AM,BSN 1201
1072,202301-13994,Thursday,8:00 AM,9:15 AM,BSN 1201
1073,202301-25473,Tuesday,12:30 PM,1:45 PM,ENA 105
1074,202301-25473,Thursday,12:30 PM,1:45 PM,ENA 105
1075,202301-21828,Monday,5:00 PM,6:15 PM,CHE 101A
1076,202301-21828,Wednesday,5:00 PM,6:15 PM,CHE 101A
1077,202301-21829,Monday,5:00 PM,6:15 PM,CHE 101A
1078,202301-21829,Wednesday,5:00 PM,6:15 PM,CHE 101A
1079,202301-25557,,,,
1080,202301-10619,Tuesday,2:00 PM,3:15 PM,CIS 1048
1081,202301-10619,Thursday,2:00 PM,3:15 PM,CIS 1048
1082,202301-21110,Tuesday,9:30 AM,10:45 AM,CPR 115
1083,202301-21110,Thursday,9:30 AM,10:45 AM,CPR 115
1084,202301-15077,Monday,5:00 PM,6:15 PM,CHE 103
1085,202301-15077,Wednesday,5:00 PM,6:15 PM,CHE 103
1086,202301-23961,Tuesday,2:00 PM,3:15 PM,BSN 2205
1087,202301-23961,Thursday,2:00 PM,3:15 PM,BSN 2205
1088,202301-25165,,,,
1089,202301-10991,Monday,9:30 AM,10:45 AM,BSN 1301
1090,202301-10991,Wednesday,9:30 AM,10:45 AM,BSN 1301
1091,202301-21689,Monday,9:30 AM,10:45 AM,BSN 1301
1092,202301-21689,Wednesday,9:30 AM,10:45 AM,BSN 1301
1093,202301-24349,Monday,2:00 PM,3:15 PM,CIS 1048
1094,202301-24349,Wednesday,2:00 PM,3:15 PM,CIS 1048
1095,202301-20515,Monday,2:00 PM,3:15 PM,CIS 1048
1096,202301-20515,Wednesday,2:00 PM,3:15 PM,CIS 1048
1097,202301-17357,Monday,3:30 PM,4:45 PM,ENC 1002
1098,202301-17357,Wednesday,3:30 PM,4:45 PM,ENC 1002
1099,202301-20112,Monday,3:30 PM,4:45 PM,ENC 1002
1100,202301-20112,Wednesday,3:30 PM,4:45 PM,ENC 1002
1101,202301-22285,Monday,5:00 PM,6:15 PM,ENA 105
1102,202301-22285,Wednesday,5:00 PM,6:15 PM,ENA 105
1103,202301-22286,Monday,5:00 PM,6:15 PM,ENA 105
1104,202301-22286,Wednesday,5:00 PM,6:15 PM,ENA 105
1105,202301-17354,Tuesday,3:30 PM,4:45 PM,CHE 217
1106,202301-17354,Thursday,3:30 PM,4:45 PM,CHE 217
1107,202301-10611,Tuesday,3:30 PM,4:45 PM,CPR 115
1108,202301-10611,Thursday,3:30 PM,4:45 PM,CPR 115
1109,202301-20199,Monday,9:30 AM,10:45 AM,CPR 115
1110,202301-20199,Wednesday,9:30 AM,10:45 AM,CPR 115
1111,202301-24247,Wednesday,11:30 AM,1:15 PM,ENB 214
1112,202301-24248,Wednesday,1:30 PM,3:15 PM,ENB 214
1113,202301-24250,Thursday,10:00 AM,11:45 AM,ENB 214
1114,202301-24251,Thursday,12:00 PM,1:45 PM,ENB 214
1115,202301-18070,Tuesday,5:00 PM,6:15 PM,TBAT TBA
1116,202301-18070,Thursday,5:00 PM,6:15 PM,TBAT TBA
1117,202301-10608,Monday,2:00 PM,3:15 PM,ENA 105
1118,202301-10608,Wednesday,2:00 PM,3:15 PM,ENA 105
1119,202301-19102,Monday,11:00 AM,12:15 PM,CHE 101
1120,202301-19102,Wednesday,11:00 AM,12:15 PM,CHE 101
1121,202301-10609,Wednesday,5:30 PM,7:15 PM,ENB 214
1122,202301-10610,Wednesday,3:30 PM,5:15 PM,ENB 214
1123,202301-11921,Friday,2:00 PM,3:45 PM,ENB 214
1124,202301-17348,Friday,10:00 AM,11:45 AM,ENB 214
1125,202301-17349,Friday,12:00 PM,1:45 PM,ENB 214
1126,202301-24287,Thursday,4:00 PM,5:45 PM,ENB 214
1127,202301-18271,Thursday,9:00 AM,10:45 AM,ENB 216
1128,202301-24252,Wednesday,3:30 PM,5:15 PM,ENB 216
1129,202301-25479,Thursday,11:30 AM,1:15 PM,ENB 216
1130,202301-25699,Wednesday,9:00 AM,10:45 AM,ENB 216
1131,202301-10989,Tuesday,9:30 AM,10:45 AM,BSN 1301
1132,202301-10989,Thursday,9:30 AM,10:45 AM,BSN 1301
1133,202301-17848,Tuesday,12:30 PM,1:45 PM,CHE 101
1134,202301-17848,Thursday,12:30 PM,1:45 PM,CHE 101
1135,202301-13293,Monday,3:30 PM,4:45 PM,SOC 149
1136,202301-13293,Wednesday,3:30 PM,4:45 PM,SOC 149
1137,202301-13294,Wednesday,9:00 AM,10:45 AM,ENB 214
1138,202301-13295,Thursday,2:00 PM,3:45 PM,ENB 214
1139,202301-25556,,,,
1140,202301-14662,Tuesday,12:30 PM,1:45 PM,ENC 1002
1141,202301-14662,Thursday,12:30 PM,1:45 PM,ENC 1002
1142,202301-25163,,,,
1143,202301-17855,Tuesday,2:00 PM,3:15 PM,BSN 2205
1144,202301-17855,Thursday,2:00 PM,3:15 PM,BSN 2205
1145,202301-10613,Friday,11:00 AM,1:45 PM,ENG 3
1146,202301-10824,,,,
1147,202301-13298,Tuesday,5:00 PM,6:15 PM,CHE 103
1148,202301-13298,Thursday,5:00 PM,6:15 PM,CHE 103
1149,202301-18197,Monday,5:00 PM,6:15 PM,BSN 1201
1150,202301-18197,Wednesday,5:00 PM,6:15 PM,BSN 1201
1151,202301-25167,,,,OFFT OFF
1152,202301-15204,Monday,2:00 PM,3:15 PM,BSN 1301
1153,202301-15204,Wednesday,2:00 PM,3:15 PM,BSN 1301
1154,202301-21694,Tuesday,11:00 AM,12:15 PM,SOC 149
1155,202301-21694,Thursday,11:00 AM,12:15 PM,SOC 149
1156,202301-25470,Tuesday,11:00 AM,12:15 PM,ISA 3050
1157,202301-25470,Thursday,11:00 AM,12:15 PM,ISA 3050
1158,202301-25554,,,,
1159,202301-25164,,,,
1160,202301-22289,Monday,9:30 AM,10:45 AM,ENG 3
1161,202301-22289,Wednesday,9:30 AM,10:45 AM,ENG 3
1162,202301-10612,Tuesday,11:00 AM,12:15 PM,ENB 118
1163,202301-10612,Thursday,11:00 AM,12:15 PM,ENB 118
1164,202301-13297,Monday,5:00 PM,6:15 PM,SOC 149
1165,202301-13297,Wednesday,5:00 PM,6:15 PM,SOC 149
1166,202301-23960,Monday,2:00 PM,3:15 PM,ENG 3
1167,202301-23960,Wednesday,2:00 PM,3:15 PM,ENG 3
1168,202301-13292,Tuesday,5:00 PM,6:15 PM,CMC 141
1169,202301-13292,Thursday,5:00 PM,6:15 PM,CMC 141
1170,202301-20115,,,,
1171,202301-25861,,,,
1172,202301-17870,Tuesday,5:00 PM,6:15 PM,EDU 115
1173,202301-17870,Thursday,5:00 PM,6:15 PM,EDU 115
1174,202301-25674,Tuesday,5:00 PM,6:15 PM,EDU 115
1175,202301-25674,Thursday,5:00 PM,6:15 PM,EDU 115
1176,202301-21108,Tuesday,2:00 PM,3:15 PM,ENG 4
1177,202301-21108,Thursday,2:00 PM,3:15 PM,ENG 4
1178,202301-22283,Monday,12:30 PM,1:45 PM,ENB 216
1179,202301-22283,Wednesday,12:30 PM,1:45 PM,ENB 216
1180,202301-21876,Tuesday,12:30 PM,1:45 PM,CHE 217
1181,202301-21876,Thursday,12:30 PM,1:45 PM,CHE 217
1182,202301-25491,Tuesday,12:30 PM,1:45 PM,CHE 217
1183,202301-25491,Thursday,12:30 PM,1:45 PM,CHE 217
1184,202301-12466,Monday,11:00 AM,12:15 PM,EDU 347
1185,202301-12466,Wednesday,11:00 AM,12:15 PM,EDU 347
1186,202301-21111,Tuesday,9:30 AM,10:45 AM,CMC 141
1187,202301-21111,Thursday,9:30 AM,10:45 AM,CMC 141
1188,202301-11154,Tuesday,9:30 AM,10:45 AM,CMC 141
1189,202301-11154,Thursday,9:30 AM,10:45 AM,CMC 141
1190,202301-12401,Monday,12:30 PM,1:45 PM,BSN 2208
1191,202301-12401,Wednesday,12:30 PM,1:45 PM,BSN 2208
1192,202301-25471,Friday,11:00 AM,1:45 PM,CHE 217
1193,202301-10731,Monday,5:00 PM,6:15 PM,CMC 141
1194,202301-10731,Wednesday,5:00 PM,6:15 PM,CMC 141
1195,202301-20198,Monday,9:30 AM,10:45 AM,CWY 109
1196,202301-20198,Wednesday,9:30 AM,10:45 AM,CWY 109
1197,202301-18066,Monday,12:30 PM,1:45 PM,BSN 1201
1198,202301-18066,Wednesday,12:30 PM,1:45 PM,BSN 1201
1199,202301-11182,Tuesday,3:30 PM,4:45 PM,CHE 303
1200,202301-11182,Thursday,3:30 PM,4:45 PM,CHE 303
1201,202301-20121,Monday,11:00 AM,12:15 PM,CPR 115
1202,202301-20121,Wednesday,11:00 AM,12:15 PM,CPR 115
1203,202301-22270,Friday,11:00 AM,1:45 PM,BSN 1301
1204,202301-22271,,,,
1205,202301-12038,Monday,12:30 PM,1:45 PM,SOC 151
1206,202301-12038,Wednesday,12:30 PM,1:45 PM,SOC 151
1207,202301-20114,Tuesday,12:30 PM,1:45 PM,BEH 103
1208,202301-20114,Thursday,12:30 PM,1:45 PM,BEH 103
1209,202301-25472,Tuesday,3:30 PM,4:45 PM,BSN 1201
1210,202301-25472,Thursday,3:30 PM,4:45 PM,BSN 1201
1211,202301-19600,,,,
1212,202301-19506,Tuesday,9:30 AM,10:45 AM,CHE 101
1213,202301-19506,Thursday,9:30 AM,10:45 AM,CHE 101
1214,202301-21107,Tuesday,12:30 PM,1:45 PM,ENA 105
1215,202301-21107,Thursday,12:30 PM,1:45 PM,ENA 105
1216,202301-18522,Monday,11:00 AM,12:15 PM,CHE 103
1217,202301-18522,Wednesday,11:00 AM,12:15 PM,CHE 103
1218,202301-21588,Monday,2:00 PM,3:15 PM,CHE 101
1219,202301-21588,Wednesday,2:00 PM,3:15 PM,CHE 101
1220,202301-21948,Monday,2:00 PM,3:15 PM,CHE 103
1221,202301-21948,Wednesday,2:00 PM,3:15 PM,CHE 103
1222,202301-20253,Monday,9:30 AM,10:45 AM,CHE 217
1223,202301-20253,Wednesday,9:30 AM,10:45 AM,CHE 217
1224,202301-25474,Monday,12:30 PM,1:45 PM,CMC 147
1225,202301-25474,Wednesday,12:30 PM,1:45 PM,CMC 147
1226,202301-25475,,,,
1227,202301-25166,,,,
1228,202301-25555,,,,
1229,202301-10616,Tuesday,12:30 PM,1:45 PM,CPR 115
1230,202301-10616,Thursday,12:30 PM,1:45 PM,CPR 115
1231,202301-17850,Tuesday,9:30 AM,10:45 AM,FAH 101
1232,202301-17850,Thursday,9:30 AM,10:45 AM,FAH 101
1233,202301-10617,Tuesday,5:00 PM,6:15 PM,CHE 111
1234,202301-10617,Thursday,5:00 PM,6:15 PM,CHE 111
1235,202301-20972,Monday,11:00 AM,12:15 PM,ENB 118
1236,202301-20972,Wednesday,11:00 AM,12:15 PM,ENB 118
1237,202301-22842,Monday,11:00 AM,12:15 PM,ENB 118
1238,202301-22842,Wednesday,11:00 AM,12:15 PM,ENB 118
1239,202301-20110,Monday,3:30 PM,4:45 PM,BEH 104
1240,202301-20110,Wednesday,3:30 PM,4:45 PM,BEH 104
1241,202301-10615,Monday,12:30 PM,1:45 PM,CPR 115
1242,202301-10615,Wednesday,12:30 PM,1:45 PM,CPR 115
1243,202301-16501,Tuesday,11:00 AM,12:15 PM,SOC 152
1244,202301-16501,Thursday,11:00 AM,12:15 PM,SOC 152
1245,202301-25919,Tuesday,2:00 PM,3:15PM,CMC 141
1246,202301-25919,Thursday,2:00 PM,3:15PM,CMC 141
1247,202301-10614,Tuesday,2:00 PM,3:15 PM,SOC 151
1248,202301-10614,Thursday,2:00 PM,3:15 PM,SOC 151
1249,202301-10732,Monday,5:00 PM,6:15 PM,CPR 115
1250,202301-10732,Wednesday,5:00 PM,6:15 PM,CPR 115
1251,202301-11819,Monday,12:30 PM,1:45 PM,CHE 103
1252,202301-11819,Wednesday,12:30 PM,1:45 PM,CHE 103
1253,202301-24282,Tuesday,6:30 PM,7:45 PM,TBAT TBA
1254,202301-24282,Thursday,6:30 PM,7:45 PM,TBAT TBA
1255,202301-13180,Friday,2:00 PM,2:50 PM,ENB 118
1256,202301-21115,Friday,2:00 PM,2:50 PM,ENB 118
1257,202301-17358,,,,
1258,202301-21583,,,,
1259,202301-23950,Monday,12:30 PM,1:45 PM,EDU 347
1260,202301-23950,Wednesday,12:30 PM,1:45 PM,EDU 347
1261,202301-25477,Monday,3:30 PM,4:45 PM,CHE 103
1262,202301-25477,Wednesday,3:30 PM,4:45 PM,CHE 103
1263,202301-18195,Monday,9:30 AM,10:45 AM,CHE 303
1264,202301-18195,Wednesday,9:30 AM,10:45 AM,CHE 303
1265,202301-16441,Friday,1:00 PM,1:50 PM,ENB 118
1266,202301-18865,Tuesday,3:30 PM,4:45 PM,CHE 103
1267,202301-18865,Thursday,3:30 PM,4:45 PM,CHE 103
1268,202301-11922,Tuesday,5:00 PM,6:15 PM,CHE 101
1269,202301-11922,Thursday,5:00 PM,6:15 PM,CHE 101
1270,202301-25478,Wednesday,6:30 PM,9:15 PM,TBAT TBA
1271,202301-21109,Monday,5:00 PM,6:15 PM,BSN 2201
1272,202301-21109,Wednesday,5:00 PM,6:15 PM,BSN 2201
1273,202301-24274,Monday,2:00 PM,3:15 PM,ENC 1002
1274,202301-24274,Wednesday,2:00 PM,3:15 PM,ENC 1002
1275,202301-24275,Monday,2:00 PM,3:15 PM,ENC 1002
1276,202301-24275,Wednesday,2:00 PM,3:15 PM,ENC 1002
1277,202301-18075,Friday,11:00 AM,1:45 PM,SOC 151
1278,202308-86559,Monday,11:00 AM,12:15 PM,CWY 107
1279,202308-86559,Wednesday,11:00 AM,12:15 PM,CWY 107
1280,202308-86563,Monday,11:00 AM,12:15 PM,CIS 1048
1281,202308-86563,Wednesday,11:00 AM,12:15 PM,CIS 1048
1282,202308-87706,Tuesday,9:30 AM,10:45 AM,ENB 118
1283,202308-87706,Thursday,9:30 AM,10:45 AM,ENB 118
1284,202308-87704,Monday,9:30 AM,10:45 AM,ENB 118
1285,202308-87704,Wednesday,9:30 AM,10:45 AM,ENB 118
1286,202308-88312,Tuesday,2:00 PM,3:15 PM,SOC 151
1287,202308-88312,Thursday,2:00 PM,3:15 PM,SOC 151
1288,202308-86564,Tuesday,2:00 PM,3:15 PM,CHE 101
1289,202308-86564,Thursday,2:00 PM,3:15 PM,CHE 101
1290,202308-86566,Tuesday,5:00 PM,6:15 PM,CHE 103
1291,202308-86566,Thursday,5:00 PM,6:15 PM,CHE 103
1292,202308-88361,Tuesday,8:00 AM,9:15 AM,SOC 150
1293,202308-88361,Thursday,8:00 AM,9:15 AM,SOC 150
1294,202308-86568,Monday,5:00 PM,6:15 PM,CHE 101
1295,202308-86568,Wednesday,5:00 PM,6:15 PM,CHE 101
1296,202308-88578,Monday,5:00 PM,6:15 PM,SOC 152
1297,202308-88578,Wednesday,5:00 PM,6:15 PM,SOC 152
1298,202308-86404,Monday,2:00 PM,3:15 PM,ENC 1002
1299,202308-86404,Wednesday,2:00 PM,3:15 PM,ENC 1002
1300,202308-86569,Monday,2:00 PM,3:15 PM,ENC 1002
1301,202308-86569,Wednesday,2:00 PM,3:15 PM,ENC 1002
1302,202308-85886,,,,
1303,202308-86570,Monday,11:00 AM,12:15 PM,EDU 347
1304,202308-86570,Wednesday,11:00 AM,12:15 PM,EDU 347
1305,202308-86572,Monday,11:00 AM,12:15 PM,EDU 347
1306,202308-86572,Wednesday,11:00 AM,12:15 PM,EDU 347
1307,202308-88093,Monday,12:30 PM,1:45 PM,EDU 411
1308,202308-88093,Wednesday,12:30 PM,1:45 PM,EDU 411
1309,202308-86574,Monday,12:30 PM,1:45 PM,EDU 411
1310,202308-86574,Wednesday,12:30 PM,1:45 PM,EDU 411
1311,202308-86575,Monday,8:00 AM,9:15 AM,BSF 100
1312,202308-86575,Wednesday,8:00 AM,9:15 AM,BSF 100
1313,202308-86409,Monday,8:00 AM,9:15 AM,BSF 100
1314,202308-86409,Wednesday,8:00 AM,9:15 AM,BSF 100
1315,202308-87766,Thursday,1:00 PM,2:50 PM,ENB 214
1316,202308-87767,Friday,10:00 AM,11:50 AM,ENB 214
1317,202308-86578,Tuesday,12:30 PM,1:45 PM,CPR 115
1318,202308-86578,Thursday,12:30 PM,1:45 PM,CPR 115
1319,202308-86579,Tuesday,3:30 PM,4:45 PM,CHE 103
1320,202308-86579,Thursday,3:30 PM,4:45 PM,CHE 103
1321,202308-87761,Thursday,9:00 AM,10:50 AM,ENB 214
1322,202308-87762,Thursday,5:00 PM,6:50 PM,ENB 214
1323,202308-87763,Wednesday,11:00 AM,12:50 PM,ENB 214
1324,202308-87764,Wednesday,3:00 PM,4:50 PM,ENB 214
1325,202308-87765,Wednesday,1:00 PM,2:50 PM,ENB 214
1326,202308-86604,Tuesday,5:00 PM,6:15 PM,TBAT TBA
1327,202308-86604,Thursday,5:00 PM,6:15 PM,TBAT TBA
1328,202308-86605,Tuesday,6:30 PM,7:45 PM,TBAT TBA
1329,202308-86605,Thursday,6:30 PM,7:45 PM,TBAT TBA
1330,202308-86462,Monday,3:30 PM,4:45 PM,CHE 103
1331,202308-86462,Wednesday,3:30 PM,4:45 PM,CHE 103
1332,202308-86518,Tuesday,12:30 PM,1:45 PM,CWY 107
1333,202308-86518,Thursday,12:30 PM,1:45 PM,CWY 107
1334,202308-87769,Friday,12:00 PM,1:50 PM,ENB 214
1335,202308-87770,Friday,2:00 PM,3:50 PM,ENB 214
1336,202308-87771,Thursday,3:00 PM,4:50 PM,ENB 214
1337,202308-87773,Wednesday,5:00 PM,6:50 PM,ENB 214
1338,202308-88272,Tuesday,2:00 PM,3:50 PM,ENB 214
1339,202308-88273,Tuesday,4:00 PM,5:50 PM,ENB 214
1340,202308-87718,Thursday,9:00 AM,10:50 AM,NEC 300
1341,202308-87726,Thursday,11:00 AM,12:50 PM,NEC 300
1342,202308-87730,Thursday,1:00 PM,2:50 PM,NEC 300
1343,202308-87732,Friday,9:00 AM,10:50 AM,NEC 300
1344,202308-86612,Monday,12:30 PM,1:45 PM,BSN 1201
1345,202308-86612,Wednesday,12:30 PM,1:45 PM,BSN 1201
1346,202308-86615,Tuesday,12:30 PM,1:45 PM,CMC 141
1347,202308-86615,Thursday,12:30 PM,1:45 PM,CMC 141
1348,202308-85891,,,,
1349,202308-85884,,,,
1350,202308-86590,Monday,9:30 AM,10:45 AM,ENC 1002
1351,202308-86590,Wednesday,9:30 AM,10:45 AM,ENC 1002
1352,202308-86413,Monday,9:30 AM,10:45 AM,ENC 1002
1353,202308-86413,Wednesday,9:30 AM,10:45 AM,ENC 1002
1354,202308-86457,Tuesday,3:30 PM,4:45 PM,EDU 411
1355,202308-86457,Thursday,3:30 PM,4:45 PM,EDU 411
1356,202308-88094,Friday,11:00 AM,11:50 AM,ENB 118
1357,202308-86405,Tuesday,11:00 AM,12:15 PM,ENB 118
1358,202308-86405,Thursday,11:00 AM,12:15 PM,ENB 118
1359,202308-86621,Tuesday,11:00 AM,12:15 PM,ENB 118
1360,202308-86621,Thursday,11:00 AM,12:15 PM,ENB 118
1361,202308-86406,Tuesday,11:00 AM,12:15 PM,ENB 118
1362,202308-86406,Thursday,11:00 AM,12:15 PM,ENB 118
1363,202308-86622,Tuesday,9:30 AM,10:45 AM,CHE 303
1364,202308-86622,Thursday,9:30 AM,10:45 AM,CHE 303
1365,202308-87942,Tuesday,9:30 AM,10:45 AM,CHE 303
1366,202308-87942,Thursday,9:30 AM,10:45 AM,CHE 303
1367,202308-86623,Friday,11:00 AM,1:45 PM,SOC 152
1368,202308-86400,Monday,11:00 AM,12:15 PM,CHE 303
1369,202308-86400,Wednesday,11:00 AM,12:15 PM,CHE 303
1370,202308-86415,Monday,9:30 AM,10:45 AM,SOC 152
1371,202308-86415,Wednesday,9:30 AM,10:45 AM,SOC 152
1372,202308-86625,Monday,9:30 AM,10:45 AM,SOC 152
1373,202308-86625,Wednesday,9:30 AM,10:45 AM,SOC 152
1374,202308-86627,Tuesday,2:00 PM,3:15 PM,CPR 103
1375,202308-86627,Thursday,2:00 PM,3:15 PM,CPR 103
1376,202308-86629,Tuesday,8:00 AM,9:15 AM,CHE 101
1377,202308-86629,Thursday,8:00 AM,9:15 AM,CHE 101
1378,202308-85887,,,,
1379,202308-86630,Monday,5:00 PM,6:15 PM,CHE 103
1380,202308-86630,Wednesday,5:00 PM,6:15 PM,CHE 103
1381,202308-86414,Friday,11:00 AM,1:45 PM,SOC 150
1382,202308-85890,,,,
1383,202308-86395,Monday,12:30 PM,1:45 PM,CHE 303
1384,202308-86395,Wednesday,12:30 PM,1:45 PM,CHE 303
1385,202308-85882,,,,
1386,202308-86631,Tuesday,11:00 AM,12:15 PM,ENC 1002
1387,202308-86631,Thursday,11:00 AM,12:15 PM,ENC 1002
1388,202308-86632,Monday,11:00 AM,12:15 PM,ENB 118
1389,202308-86632,Wednesday,11:00 AM,12:15 PM,ENB 118
1390,202308-86633,,,,
1391,202308-86636,,,,
1392,202308-83651,Tuesday,2:00 PM,3:15 PM,EDU 115
1393,202308-83651,Thursday,2:00 PM,3:15 PM,EDU 115
1394,202308-86639,Tuesday,12:30 PM,1:45 PM,ENB 216
1395,202308-86639,Thursday,12:30 PM,1:45 PM,ENB 216
1396,202308-86640,Tuesday,9:30 AM,10:45 AM,ENB 216
1397,202308-86640,Thursday,9:30 AM,10:45 AM,ENB 216
1398,202308-86641,Monday,3:30 PM,4:45 PM,ULH 101
1399,202308-86641,Wednesday,3:30 PM,4:45 PM,ULH 101
1400,202308-86411,Monday,3:30 PM,4:45 PM,ULH 101
1401,202308-86411,Wednesday,3:30 PM,4:45 PM,ULH 101
1402,202308-86398,Tuesday,9:30 AM,10:45 AM,CHE 100
1403,202308-86398,Thursday,9:30 AM,10:45 AM,CHE 100
1404,202308-86642,Tuesday,9:30 AM,10:45 AM,CHE 100
1405,202308-86642,Thursday,9:30 AM,10:45 AM,CHE 100
1406,202308-86643,Monday,12:30 PM,1:45 PM,CWY 107
1407,202308-86643,Wednesday,12:30 PM,1:45 PM,CWY 107
1408,202308-86403,Tuesday,2:00 PM,3:15 PM,CHE 217
1409,202308-86403,Thursday,2:00 PM,3:15 PM,CHE 217
1410,202308-86515,Monday,5:00 PM,6:15 PM,BEH 103
1411,202308-86515,Wednesday,5:00 PM,6:15 PM,BEH 103
1412,202308-86560,Monday,9:30 AM,10:45 AM,BEH 104
1413,202308-86560,Wednesday,9:30 AM,10:45 AM,BEH 104
1414,202308-86407,Tuesday,5:00 PM,6:15 PM,BSF 100
1415,202308-86407,Thursday,5:00 PM,6:15 PM,BSF 100
1416,202308-86463,Tuesday,8:00 AM,9:15 AM,CHE 303
1417,202308-86463,Thursday,8:00 AM,9:15 AM,CHE 303
1418,202308-86412,Tuesday,11:00 AM,12:15 PM,CHE 217
1419,202308-86412,Thursday,11:00 AM,12:15 PM,CHE 217
1420,202308-85888,,,,
1421,202308-86565,Tuesday,3:30 PM,4:45 PM,CHE 217
1422,202308-86565,Thursday,3:30 PM,4:45 PM,CHE 217
1423,202308-86567,Monday,8:00 AM,9:15 AM,ENA 105
1424,202308-86567,Wednesday,8:00 AM,9:15 AM,ENA 105
1425,202308-86458,Tuesday,2:00 PM,3:15 PM,SOC 151
1426,202308-86458,Thursday,2:00 PM,3:15 PM,SOC 151
1427,202308-88220,,,,
1428,202308-86464,Tuesday,9:30 AM,10:45 AM,CHE 103
1429,202308-86464,Thursday,9:30 AM,10:45 AM,CHE 103
1430,202308-86465,Tuesday,3:30 PM,4:45 PM,CPR 115
1431,202308-86465,Thursday,3:30 PM,4:45 PM,CPR 115
1432,202308-86455,Tuesday,5:00 PM,6:15 PM,SOC 151
1433,202308-86455,Thursday,5:00 PM,6:15 PM,SOC 151
1434,202308-86456,Tuesday,2:00 PM,3:15 PM,SOC 150
1435,202308-86456,Thursday,2:00 PM,3:15 PM,SOC 150
1436,202308-86571,Friday,11:00 AM,1:45 PM,CHE 101
1437,202308-87710,Monday,12:30 PM,1:45 PM,ENG 3
1438,202308-87710,Wednesday,12:30 PM,1:45 PM,ENG 3
1439,202308-86573,Tuesday,3:30 PM,4:45 PM,CHE 111
1440,202308-86573,Thursday,3:30 PM,4:45 PM,CHE 111
1441,202308-86420,Tuesday,3:30 PM,4:45 PM,CHE 111
1442,202308-86420,Thursday,3:30 PM,4:45 PM,CHE 111
1443,202308-86576,,,,
1444,202308-86394,Monday,5:00 PM,6:15 PM,CIS 1048
1445,202308-86394,Wednesday,5:00 PM,6:15 PM,CIS 1048
1446,202308-86577,Monday,2:00 PM,3:15 PM,CHE 101
1447,202308-86577,Wednesday,2:00 PM,3:15 PM,CHE 101
1448,202308-87760,Tuesday,3:30 PM,4:45 PM,SOC 151
1449,202308-87760,Thursday,3:30 PM,4:45 PM,SOC 151
1450,202308-86580,Monday,11:00 AM,12:15 PM,CHE 100
1451,202308-86580,Wednesday,11:00 AM,12:15 PM,CHE 100
1452,202308-86581,Monday,2:00 PM,3:15 PM,SOC 151
1453,202308-86581,Wednesday,2:00 PM,3:15 PM,SOC 151
1454,202308-86582,Monday,11:00 AM,12:15 PM,CPR 127
1455,202308-86582,Wednesday,11:00 AM,12:15 PM,CPR 127
1456,202308-86408,Monday,11:00 AM,12:15 PM,CPR 127
1457,202308-86408,Wednesday,11:00 AM,12:15 PM,CPR 127
1458,202308-86396,Monday,5:00 PM,6:15 PM,CMC 141
1459,202308-86396,Wednesday,5:00 PM,6:15 PM,CMC 141
1460,202308-86585,Monday,9:30 AM,10:45 AM,CHE 103
1461,202308-86585,Wednesday,9:30 AM,10:45 AM,CHE 103
1462,202308-86587,Tuesday,9:30 AM,10:45 AM,CWY 109
1463,202308-86587,Thursday,9:30 AM,10:45 AM,CWY 109
1464,202308-87819,Tuesday,8:00 AM,9:15 AM,BSN 1100
1465,202308-87819,Thursday,8:00 AM,9:15 AM,BSN 1100
1466,202308-87820,Tuesday,8:00 AM,9:15 AM,BSN 1100
1467,202308-87820,Thursday,8:00 AM,9:15 AM,BSN 1100
1468,202308-87821,Tuesday,8:00 AM,9:15 AM,BSN 1100
1469,202308-87821,Thursday,8:00 AM,9:15 AM,BSN 1100
1470,202308-87824,Tuesday,8:00 AM,9:15 AM,BSN 1100
1471,202308-87824,Thursday,8:00 AM,9:15 AM,BSN 1100
1472,202308-87825,Tuesday,8:00 AM,9:15 AM,BSN 1100
1473,202308-87825,Thursday,8:00 AM,9:15 AM,BSN 1100
1474,202308-87827,Tuesday,8:00 AM,9:15 AM,BSN 1100
1475,202308-87827,Thursday,8:00 AM,9:15 AM,BSN 1100
1476,202308-87828,Tuesday,8:00 AM,9:15 AM,BSN 1100
1477,202308-87828,Thursday,8:00 AM,9:15 AM,BSN 1100
1478,202308-86592,,,,
1479,202308-86594,Monday,5:00 PM,6:15 PM,CPR 115
1480,202308-86594,Wednesday,5:00 PM,6:15 PM,CPR 115
1481,202308-86595,Tuesday,2:00 PM,3:15 PM,PCD 1147
1482,202308-86595,Thursday,2:00 PM,3:15 PM,PCD 1147
1483,202308-88359,Monday,3:30 PM,4:45 PM,SOC 152
1484,202308-88359,Wednesday,3:30 PM,4:45 PM,SOC 152
1485,202308-86402,Friday,1:00 PM,1:50 PM,ENB 118
1486,202308-86596,Tuesday,2:00 PM,3:15 PM,CWY 109
1487,202308-86596,Thursday,2:00 PM,3:15 PM,CWY 109
1488,202308-86599,Tuesday,5:00 PM,6:15 PM,CIS 1048
1489,202308-86599,Thursday,5:00 PM,6:15 PM,CIS 1048
1490,202308-86598,Monday,8:00 AM,9:15 AM,CHE 103
1491,202308-86598,Wednesday,8:00 AM,9:15 AM,CHE 103
1492,202308-87708,Tuesday,12:30 PM,1:45 PM,ENB 118
1493,202308-87708,Thursday,12:30 PM,1:45 PM,ENB 118
1494,202308-86600,Tuesday,5:00 PM,6:15 PM,BSN 1301
1495,202308-86600,Thursday,5:00 PM,6:15 PM,BSN 1301
1496,202308-86601,,,,
1497,202308-86602,Monday,9:30 AM,10:45 AM,CWY 107
1498,202308-86602,Wednesday,9:30 AM,10:45 AM,CWY 107
1499,202401-16111,Tuesday,8:00 AM,9:15 AM,SOC 151
1500,202401-16111,Thursday,8:00 AM,9:15 AM,SOC 151
1501,202401-16143,Tuesday,11:00 AM,12:15 PM,SOC 149
1502,202401-16143,Thursday,11:00 AM,12:15 PM,SOC 149
1503,202401-16136,Tuesday,8:00 AM,9:15 AM,EDU 347
1504,202401-16136,Thursday,8:00 AM,9:15 AM,EDU 347
1505,202401-16144,Tuesday,12:30 PM,1:45 PM,ENB 118
1506,202401-16144,Thursday,12:30 PM,1:45 PM,ENB 118
1507,202401-16145,Monday,12:30 PM,1:45 PM,ENB 118
1508,202401-16145,Wednesday,12:30 PM,1:45 PM,ENB 118
1509,202401-17381,Tuesday,12:30 PM,1:45 PM,CIS 1048
1510,202401-17381,Thursday,12:30 PM,1:45 PM,CIS 1048
1511,202401-16569,Monday,5:00 PM,6:15 PM,PCD 1147
1512,202401-16569,Wednesday,5:00 PM,6:15 PM,PCD 1147
1513,202401-16570,Monday,5:00 PM,6:15 PM,PCD 1147
1514,202401-16570,Wednesday,5:00 PM,6:15 PM,PCD 1147
1515,202401-16113,Monday,5:00 PM,6:15 PM,SOC 151
1516,202401-16113,Wednesday,5:00 PM,6:15 PM,SOC 151
1517,202401-16112,Tuesday,2:00 PM,3:15 PM,CHE 103
1518,202401-16112,Thursday,2:00 PM,3:15 PM,CHE 103
1519,202401-16108,Friday,11:00 AM,1:45 PM,CHE 101
1520,202401-16322,Tuesday,2:00 PM,3:15 PM,CWY 109
1521,202401-16322,Thursday,2:00 PM,3:15 PM,CWY 109
1522,202401-16564,Monday,2:00 PM,3:15 PM,CWY 107
1523,202401-16564,Wednesday,2:00 PM,3:15 PM,CWY 107
1524,202401-16563,Monday,2:00 PM,3:15 PM,CWY 107
1525,202401-16563,Wednesday,2:00 PM,3:15 PM,CWY 107
1526,202401-16557,Tuesday,3:30 PM,4:45 PM,BEH 103
1527,202401-16557,Thursday,3:30 PM,4:45 PM,BEH 103
1528,202401-16558,Tuesday,3:30 PM,4:45 PM,BEH 103
1529,202401-16558,Thursday,3:30 PM,4:45 PM,BEH 103
1530,202401-16555,Monday,5:00 PM,6:15 PM,CHE 100
1531,202401-16555,Wednesday,5:00 PM,6:15 PM,CHE 100
1532,202401-16556,Monday,5:00 PM,6:15 PM,CHE 100
1533,202401-16556,Wednesday,5:00 PM,6:15 PM,CHE 100
1534,202401-16101,Tuesday,8:00 AM,9:15 AM,CPR 115
1535,202401-16101,Thursday,8:00 AM,9:15 AM,CPR 115
1536,202401-16102,Monday,9:30 AM,10:45 AM,CPR 115
1537,202401-16102,Wednesday,9:30 AM,10:45 AM,CPR 115
1538,202401-17479,Wednesday,11:30 AM,1:15 PM,ENB 214
1539,202401-17481,Thursday,9:30 AM,11:15 AM,ENB 214
1540,202401-17480,Wednesday,1:30 PM,3:15 PM,ENB 214
1541,202401-17475,Friday,11:30 AM,1:15 PM,ENB 214
1542,202401-17482,Thursday,11:30 AM,1:15 PM,ENB 214
1543,202401-17474,Friday,9:30 AM,11:15 AM,ENB 214
1544,202401-17397,Monday,5:00 PM,6:15 PM,ULH 101
1545,202401-17397,Wednesday,5:00 PM,6:15 PM,ULH 101
1546,202401-17398,Tuesday,5:00 PM,7:45 PM,TBAT TBA
1547,202401-16116,Monday,9:30 AM,10:45 AM,FAH 101
1548,202401-16116,Wednesday,9:30 AM,10:45 AM,FAH 101
1549,202401-16114,Monday,2:00 PM,3:15 PM,CHE 101
1550,202401-16114,Wednesday,2:00 PM,3:15 PM,CHE 101
1551,202401-16115,Monday,6:30 PM,7:45 PM,ISA 1061
1552,202401-16115,Wednesday,6:30 PM,7:45 PM,ISA 1061
1553,202401-17484,Wednesday,3:30 PM,5:15 PM,ENB 214
1554,202401-17489,Tuesday,11:30 AM,1:15 PM,ENB 214
1555,202401-17490,Tuesday,5:30 PM,7:15 PM,ENB 214
1556,202401-17488,Tuesday,9:30 AM,11:15 AM,ENB 214
1557,202401-17486,Thursday,1:30 PM,3:15 PM,ENB 214
1558,202401-17487,Thursday,3:30 PM,5:15 PM,ENB 214
1559,202401-17483,Wednesday,9:30 AM,11:15 AM,ENB 214
1560,202401-17485,Wednesday,5:30 PM,7:15 PM,ENB 214
1561,202401-17497,Wednesday,9:00 AM,10:45 AM,NEC 300
1562,202401-17495,Thursday,11:30 AM,1:15 PM,NEC 300
1563,202401-17493,Friday,9:00 AM,10:45 AM,NEC 300
1564,202401-17496,Wednesday,11:30 AM,1:15 PM,NEC 300
1565,202401-17494,Thursday,9:00 AM,10:45 AM,NEC 300
1566,202401-16099,Monday,2:00 PM,3:15 PM,BSF 100
1567,202401-16099,Wednesday,2:00 PM,3:15 PM,BSF 100
1568,202401-16117,Tuesday,2:00 PM,3:15 PM,CPR 115
1569,202401-16117,Thursday,2:00 PM,3:15 PM,CPR 115
1570,202401-17273,Monday,3:30 PM,4:45 PM,CHE 217
1571,202401-17273,Wednesday,3:30 PM,4:45 PM,CHE 217
1572,202401-17491,Tuesday,1:30 PM,3:15 PM,ENB 214
1573,202401-17492,Tuesday,3:30 PM,5:15 PM,ENB 214
1574,202401-17274,Tuesday,12:30 PM,1:45 PM,CPR 122
1575,202401-17274,Thursday,12:30 PM,1:45 PM,CPR 122
1576,202401-16321,Tuesday,2:00 PM,3:15 PM,CWY 109
1577,202401-16321,Thursday,2:00 PM,3:15 PM,CWY 109
1578,202401-17383,Friday,11:00 AM,1:45 PM,ENC 1002
1579,202401-17498,Tuesday,9:30 AM,10:45 AM,CPR 255
1580,202401-17498,Thursday,9:30 AM,10:45 AM,CPR 255
1581,202401-16118,Tuesday,5:00 PM,6:15 PM,ISA 1051
1582,202401-16118,Thursday,5:00 PM,6:15 PM,ISA 1051
1583,202401-16120,Tuesday,2:00 PM,3:15 PM,CWY 107
1584,202401-16120,Thursday,2:00 PM,3:15 PM,CWY 107
1585,202401-16137,Monday,2:00 PM,3:15 PM,EDU 347
1586,202401-16137,Wednesday,2:00 PM,3:15 PM,EDU 347
1587,202401-17396,Tuesday,5:00 PM,6:15 PM,CPR 115
1588,202401-17396,Thursday,5:00 PM,6:15 PM,CPR 115
1589,202401-16121,Tuesday,5:00 PM,6:15 PM,SOC 151
1590,202401-16121,Thursday,5:00 PM,6:15 PM,SOC 151
1591,202401-17395,Monday,9:30 AM,10:45 AM,SOC 152
1592,202401-17395,Wednesday,9:30 AM,10:45 AM,SOC 152
1593,202401-17373,Tuesday,3:30 PM,4:45 PM,CIS 1048
1594,202401-17373,Thursday,3:30 PM,4:45 PM,CIS 1048
1595,202401-17372,Monday,5:00 PM,6:15 PM,BSN 1301
1596,202401-17372,Wednesday,5:00 PM,6:15 PM,BSN 1301
1597,202401-17382,Monday,2:00 PM,3:15 PM,CIS 3064
1598,202401-17382,Wednesday,2:00 PM,3:15 PM,CIS 3064
1599,202401-17371,Tuesday,5:00 PM,6:15 PM,CHE 103
1600,202401-17371,Thursday,5:00 PM,6:15 PM,CHE 103
1601,202401-17391,,,,
1602,202401-17392,,,,
1603,202401-17388,Tuesday,3:30 PM,4:45 PM,ENB 216
1604,202401-17388,Thursday,3:30 PM,4:45 PM,ENB 216
1605,202401-17394,Monday,12:30 PM,1:45 PM,ENB 216
1606,202401-17394,Wednesday,12:30 PM,1:45 PM,ENB 216
1607,202401-16314,Tuesday,9:30 AM,10:45 AM,BEH 104
1608,202401-16314,Thursday,9:30 AM,10:45 AM,BEH 104
1609,202401-16315,Tuesday,9:30 AM,10:45 AM,BEH 104
1610,202401-16315,Thursday,9:30 AM,10:45 AM,BEH 104
1611,202401-17449,Friday,11:00 AM,1:45 PM,SOC 149
1612,202401-16122,Tuesday,12:30 PM,1:45 PM,CHE 103
1613,202401-16122,Thursday,12:30 PM,1:45 PM,CHE 103
1614,202401-16138,Monday,11:00 AM,12:15 PM,SOC 152
1615,202401-16138,Wednesday,11:00 AM,12:15 PM,SOC 152
1616,202401-17370,Monday,12:30 PM,1:45 PM,CIS 1016
1617,202401-17370,Wednesday,12:30 PM,1:45 PM,CIS 1016
1618,202401-16123,Monday,5:00 PM,6:15 PM,CHE 103
1619,202401-16123,Wednesday,5:00 PM,6:15 PM,CHE 103
1620,202401-16124,Monday,12:30 PM,1:45 PM,BEH 104
1621,202401-16124,Wednesday,12:30 PM,1:45 PM,BEH 104
1622,202401-16125,Monday,11:00 AM,12:15 PM,CHE 103
1623,202401-16125,Wednesday,11:00 AM,12:15 PM,CHE 103
1624,202401-16139,Monday,3:30 PM,4:45 PM,EDU 347
1625,202401-16139,Wednesday,3:30 PM,4:45 PM,EDU 347
1626,202401-16140,Monday,12:30 PM,1:45 PM,BSN 1201
1627,202401-16140,Wednesday,12:30 PM,1:45 PM,BSN 1201
1628,202401-16141,Tuesday,11:00 AM,12:15 PM,BSN 1201
1629,202401-16141,Thursday,11:00 AM,12:15 PM,BSN 1201
1630,202401-16126,Tuesday,12:30 PM,1:45 PM,CIS 1048
1631,202401-16126,Thursday,12:30 PM,1:45 PM,CIS 1048
1632,202401-16127,Tuesday,3:30 PM,4:45 PM,CHE 103
1633,202401-16127,Thursday,3:30 PM,4:45 PM,CHE 103
1634,202401-16103,Tuesday,12:30 PM,1:45 PM,CPR 115
1635,202401-16103,Thursday,12:30 PM,1:45 PM,CPR 115
1636,202401-16104,Tuesday,9:30 AM,10:45 AM,CHE 111
1637,202401-16104,Thursday,9:30 AM,10:45 AM,CHE 111
1638,202401-16105,Monday,2:00 PM,3:15 PM,FAH 101
1639,202401-16105,Wednesday,2:00 PM,3:15 PM,FAH 101
1640,202401-16106,Monday,5:00 PM,6:15 PM,CHE 111
1641,202401-16106,Wednesday,5:00 PM,6:15 PM,CHE 111
1642,202401-16128,Monday,2:00 PM,3:15 PM,CHE 103
1643,202401-16128,Wednesday,2:00 PM,3:15 PM,CHE 103
1644,202401-17384,Monday,2:00 PM,3:15 PM,CHE 217
1645,202401-17384,Wednesday,2:00 PM,3:15 PM,CHE 217
1646,202401-16317,Tuesday,6:30 PM,7:45 PM,CHE 101
1647,202401-16317,Thursday,6:30 PM,7:45 PM,CHE 101
1648,202401-16318,Tuesday,6:30 PM,7:45 PM,CHE 101
1649,202401-16318,Thursday,6:30 PM,7:45 PM,CHE 101
1650,202401-17393,,,,
1651,202401-16109,Tuesday,5:00 PM,6:15 PM,CHE 101
1652,202401-16109,Thursday,5:00 PM,6:15 PM,CHE 101
1653,202401-16129,Tuesday,12:30 PM,1:45 PM,CWY 107
1654,202401-16129,Thursday,12:30 PM,1:45 PM,CWY 107
1655,202401-16130,Tuesday,6:30 PM,7:45 PM,CPR 115
1656,202401-16130,Thursday,6:30 PM,7:45 PM,CPR 115
1657,202401-16561,Monday,11:00 AM,12:15 PM,CHE 101
1658,202401-16561,Wednesday,11:00 AM,12:15 PM,CHE 101
1659,202401-16562,Monday,11:00 AM,12:15 PM,CHE 101
1660,202401-16562,Wednesday,11:00 AM,12:15 PM,CHE 101
1661,202401-16110,Monday,3:30 PM,4:45 PM,CHE 101
1662,202401-16110,Wednesday,3:30 PM,4:45 PM,CHE 101
1663,202401-16098,Tuesday,12:30 PM,1:45 PM,BEH 103
1664,202401-16098,Thursday,12:30 PM,1:45 PM,BEH 103
1665,202401-16107,Tuesday,9:30 AM,10:45 AM,CPR 115
1666,202401-16107,Thursday,9:30 AM,10:45 AM,CPR 115
1667,202401-16370,Tuesday,3:30 PM,4:45 PM,BSN 1100
1668,202401-16370,Thursday,3:30 PM,4:45 PM,BSN 1100
1669,202401-16371,Tuesday,3:30 PM,4:45 PM,BSN 1100
1670,202401-16371,Thursday,3:30 PM,4:45 PM,BSN 1100
1671,202401-16369,Tuesday,3:30 PM,4:45 PM,BSN 1100
1672,202401-16369,Thursday,3:30 PM,4:45 PM,BSN 1100
1673,202401-16375,Tuesday,3:30 PM,4:45 PM,BSN 1100
1674,202401-16375,Thursday,3:30 PM,4:45 PM,BSN 1100
1675,202401-16377,Tuesday,3:30 PM,4:45 PM,BSN 1100
1676,202401-16377,Thursday,3:30 PM,4:45 PM,BSN 1100
1677,202401-16378,Tuesday,3:30 PM,4:45 PM,BSN 1100
1678,202401-16378,Thursday,3:30 PM,4:45 PM,BSN 1100
1679,202401-16379,Tuesday,3:30 PM,4:45 PM,BSN 1100
1680,202401-16379,Thursday,3:30 PM,4:45 PM,BSN 1100
1681,202401-16568,Thursday,5:00 PM,7:45 PM,BEH 104
1682,202401-16567,Thursday,5:00 PM,7:45 PM,BEH 104
1683,202401-17386,,,,OFFT OFF
1684,202401-17387,,,,OFFT OFF
1685,202401-16131,Monday,3:30 PM,4:45 PM,CHE 103
1686,202401-16131,Wednesday,3:30 PM,4:45 PM,CHE 103
1687,202401-16132,Monday,12:30 PM,1:45 PM,SOC 150
1688,202401-16132,Wednesday,12:30 PM,1:45 PM,SOC 150
1689,202401-16133,Tuesday,3:30 PM,4:45 PM,FAH 101
1690,202401-16133,Thursday,3:30 PM,4:45 PM,FAH 101
1691,202401-16560,Tuesday,11:00 AM,12:15 PM,
1692,202401-16560,Thursday,11:00 AM,12:15 PM,
1693,202401-16559,Tuesday,11:00 AM,12:15 PM,
1694,202401-16559,Thursday,11:00 AM,12:15 PM,
1695,202401-16565,Tuesday,3:30 PM,4:45 PM,CHE 303
1696,202401-16565,Thursday,3:30 PM,4:45 PM,CHE 303
1697,202401-16566,Tuesday,3:30 PM,4:45 PM,CHE 303
1698,202401-16566,Thursday,3:30 PM,4:45 PM,CHE 303
1699,202401-16135,Monday,8:00 AM,9:15 AM,CHE 103
1700,202401-16135,Wednesday,8:00 AM,9:15 AM,CHE 103
1701,202401-16134,Wednesday,6:30 PM,9:15 PM,TBAT TBA
1702,202401-16146,Tuesday,9:30 AM,10:45 AM,ENB 118
1703,202401-16146,Thursday,9:30 AM,10:45 AM,ENB 118
1704,202401-16147,Monday,9:30 AM,10:45 AM,ENB 118
1705,202401-16147,Wednesday,9:30 AM,10:45 AM,ENB 118
1706,202401-17389,Monday,5:00 PM,6:15 PM,CHE 102
1707,202401-17389,Wednesday,5:00 PM,6:15 PM,CHE 102
1708,202401-16323,Monday,2:00 PM,3:15 PM,CWY 109
1709,202401-16323,Wednesday,2:00 PM,3:15 PM,CWY 109
1710,202401-16324,Monday,2:00 PM,3:15 PM,CWY 109
1711,202401-16324,Wednesday,2:00 PM,3:15 PM,CWY 109
1712,202401-16142,Monday,9:30 AM,10:45 AM,BSN 1301
1713,202401-16142,Wednesday,9:30 AM,10:45 AM,BSN 1301
1714,202401-16571,Monday,12:30 PM,1:45 PM,CHE 217
1715,202401-16571,Wednesday,12:30 PM,1:45 PM,CHE 217
1716,202401-16572,Monday,12:30 PM,1:45 PM,CHE 217
1717,202401-16572,Wednesday,12:30 PM,1:45 PM,CHE 217
1718,202408-92505,Friday,11:00 AM,1:45 PM,BEH 104
1719,202408-92502,Monday,8:00 AM,9:15 AM,CWY 107
1720,202408-92502,Wednesday,8:00 AM,9:15 AM,CWY 107
1721,202408-93583,Tuesday,9:30 AM,10:45 AM,ENB 118
1722,202408-93583,Thursday,9:30 AM,10:45 AM,ENB 118
1723,202408-94153,Tuesday,2:00 PM,3:15 PM,ULH 101
1724,202408-94153,Thursday,2:00 PM,3:15 PM,ULH 101
1725,202408-92506,Tuesday,5:00 PM,6:15 PM,CWY 107
1726,202408-92506,Thursday,5:00 PM,6:15 PM,CWY 107
1727,202408-96618,Monday,3:30 PM,4:45 PM,CHE 303
1728,202408-96618,Wednesday,3:30 PM,4:45 PM,CHE 303
1729,202408-94200,Monday,3:30 PM,4:45 PM,CHE 303
1730,202408-94200,Wednesday,3:30 PM,4:45 PM,CHE 303
1731,202408-92510,Friday,11:00 AM,1:45 PM,CWY 107
1732,202408-94406,Tuesday,3:30 PM,4:45 PM,BSN 1201
1733,202408-94406,Thursday,3:30 PM,4:45 PM,BSN 1201
1734,202408-92512,Monday,11:00 AM,12:15 PM,
1735,202408-92512,Wednesday,11:00 AM,12:15 PM,
1736,202408-92514,Monday,11:00 AM,12:15 PM,
1737,202408-92514,Wednesday,11:00 AM,12:15 PM,
1738,202408-93949,Tuesday,12:30 PM,1:45 PM,CHE 102
1739,202408-93949,Thursday,12:30 PM,1:45 PM,CHE 102
1740,202408-92516,Tuesday,12:30 PM,1:45 PM,CHE 102
1741,202408-92516,Thursday,12:30 PM,1:45 PM,CHE 102
1742,202408-92517,Monday,8:00 AM,9:15 AM,BSF 100
1743,202408-92517,Wednesday,8:00 AM,9:15 AM,BSF 100
1744,202408-92372,Monday,8:00 AM,9:15 AM,BSN 1102
1745,202408-92372,Wednesday,8:00 AM,9:15 AM,BSN 1102
1746,202408-93638,Thursday,1:00 PM,2:50 PM,ENB 214
1747,202408-93639,Friday,10:00 AM,11:50 AM,ENB 214
1748,202408-96620,Thursday,11:00 AM,12:50 PM,ENB 214
1749,202408-97130,,,,
1750,202408-96762,Friday,11:00 AM,1:45 PM,CPR 126
1751,202408-92520,Monday,3:30 PM,4:45 PM,CWY 109
1752,202408-92520,Wednesday,3:30 PM,4:45 PM,CWY 109
1753,202408-97084,Monday,5:00 PM,6:15 PM,CHE 101
1754,202408-97084,Wednesday,5:00 PM,6:15 PM,CHE 101
1755,202408-93633,Thursday,9:00 AM,10:50 AM,ENB 214
1756,202408-93634,Thursday,5:00 PM,6:50 PM,ENB 214
1757,202408-93635,Wednesday,11:00 AM,12:50 PM,ENB 214
1758,202408-93636,Wednesday,9:00 AM,10:50 AM,ENB 214
1759,202408-93637,Wednesday,1:00 PM,2:50 PM,ENB 214
1760,202408-97087,Tuesday,8:00 AM,9:50 AM,ENB 214
1761,202408-97088,Tuesday,6:00 PM,7:50 PM,ENB 214
1762,202408-92545,Tuesday,5:00 PM,6:15 PM,TBAT TBA
1763,202408-92545,Thursday,5:00 PM,6:15 PM,TBAT TBA
1764,202408-92422,Monday,3:30 PM,4:45 PM,CHE 103
1765,202408-92422,Wednesday,3:30 PM,4:45 PM,CHE 103
1766,202408-92469,Tuesday,12:30 PM,1:45 PM,CWY 107
1767,202408-92469,Thursday,12:30 PM,1:45 PM,CWY 107
1768,202408-93641,Friday,12:00 PM,1:50 PM,ENB 214
1769,202408-93642,Friday,2:00 PM,3:50 PM,ENB 214
1770,202408-93645,Wednesday,5:00 PM,6:50 PM,ENB 214
1771,202408-94113,Tuesday,2:00 PM,3:50 PM,ENB 214
1772,202408-94114,Tuesday,4:00 PM,5:50 PM,ENB 214
1773,202408-96621,Tuesday,10:00 AM,11:50 AM,ENB 214
1774,202408-96622,Tuesday,12:00 PM,1:50 PM,ENB 214
1775,202408-93594,Thursday,9:00 AM,10:50 AM,NEC 300
1776,202408-93602,Thursday,11:00 AM,12:50 PM,NEC 300
1777,202408-93606,Thursday,1:00 PM,2:50 PM,NEC 300
1778,202408-93608,Friday,9:00 AM,10:50 AM,NEC 300
1779,202408-96624,Friday,11:00 AM,12:50 PM,NEC 300
1780,202408-92553,Monday,12:30 PM,1:45 PM,BSN 1201
1781,202408-92553,Wednesday,12:30 PM,1:45 PM,BSN 1201
1782,202408-92556,Tuesday,12:30 PM,1:45 PM,CMC 141
1783,202408-92556,Thursday,12:30 PM,1:45 PM,CMC 141
1784,202408-97079,Tuesday,8:00 AM,9:15 AM,CPR 115
1785,202408-97079,Thursday,8:00 AM,9:15 AM,CPR 115
1786,202408-97080,Monday,12:30 PM,1:45 PM,CHE 102
1787,202408-97080,Wednesday,12:30 PM,1:45 PM,CHE 102
1788,202408-92531,Monday,9:30 AM,10:45 AM,BSN 1201
1789,202408-92531,Wednesday,9:30 AM,10:45 AM,BSN 1201
1790,202408-92376,Monday,9:30 AM,10:45 AM,BSN 1201
1791,202408-92376,Wednesday,9:30 AM,10:45 AM,BSN 1201
1792,202408-92417,Tuesday,3:30 PM,4:45 PM,EDU 411
1793,202408-92417,Thursday,3:30 PM,4:45 PM,EDU 411
1794,202408-92561,Monday,11:00 AM,12:15 PM,BSN 1201
1795,202408-92561,Wednesday,11:00 AM,12:15 PM,BSN 1201
1796,202408-92368,Monday,11:00 AM,12:15 PM,BSN 1201
1797,202408-92368,Wednesday,11:00 AM,12:15 PM,BSN 1201
1798,202408-92369,Monday,11:00 AM,12:15 PM,BSN 1201
1799,202408-92369,Wednesday,11:00 AM,12:15 PM,BSN 1201
1800,202408-92563,Friday,11:00 AM,1:45 PM,ENG 4
1801,202408-96786,Monday,12:30 PM,1:45 PM,CHE 303
1802,202408-96786,Wednesday,12:30 PM,1:45 PM,CHE 303
1803,202408-92565,Monday,9:30 AM,10:45 AM,SOC 152
1804,202408-92565,Wednesday,9:30 AM,10:45 AM,SOC 152
1805,202408-92567,Tuesday,2:00 PM,3:15 PM,CPR 103
1806,202408-92567,Thursday,2:00 PM,3:15 PM,CPR 103
1807,202408-92568,Tuesday,8:00 AM,9:15 AM,CHE 101
1808,202408-92568,Thursday,8:00 AM,9:15 AM,CHE 101
1809,202408-92569,Monday,5:00 PM,6:15 PM,CHE 103
1810,202408-92569,Wednesday,5:00 PM,6:15 PM,CHE 103
1811,202408-92377,Friday,11:00 AM,1:45 PM,SOC 150
1812,202408-92570,Tuesday,11:00 AM,12:15 PM,ENC 1002
1813,202408-92570,Thursday,11:00 AM,12:15 PM,ENC 1002
1814,202408-92571,Monday,11:00 AM,12:15 PM,CHE 303
1815,202408-92571,Wednesday,11:00 AM,12:15 PM,CHE 303
1816,202408-92572,,,,TBAT TBA
1817,202408-92578,Tuesday,12:30 PM,1:45 PM,ENB 216
1818,202408-92578,Thursday,12:30 PM,1:45 PM,ENB 216
1819,202408-92579,Tuesday,9:30 AM,10:45 AM,ENB 216
1820,202408-92579,Thursday,9:30 AM,10:45 AM,ENB 216
1821,202408-96465,Tuesday,3:30 PM,4:45 PM,ENB 216
1822,202408-96465,Thursday,3:30 PM,4:45 PM,ENB 216
1823,202408-92580,Monday,3:30 PM,4:45 PM,CHE 101
1824,202408-92580,Wednesday,3:30 PM,4:45 PM,CHE 101
1825,202408-92374,Monday,3:30 PM,4:45 PM,CHE 101
1826,202408-92374,Wednesday,3:30 PM,4:45 PM,CHE 101
1827,202408-92581,Tuesday,9:30 AM,10:45 AM,CHE 103
1828,202408-92581,Thursday,9:30 AM,10:45 AM,CHE 103
1829,202408-92362,Tuesday,9:30 AM,10:45 AM,CHE 103
1830,202408-92362,Thursday,9:30 AM,10:45 AM,CHE 103
1831,202408-92466,Monday,5:00 PM,6:15 PM,BEH 103
1832,202408-92466,Wednesday,5:00 PM,6:15 PM,BEH 103
1833,202408-92503,Monday,9:30 AM,10:45 AM,BEH 104
1834,202408-92503,Wednesday,9:30 AM,10:45 AM,BEH 104
1835,202408-97129,,,,
1836,202408-92370,Tuesday,5:00 PM,6:15 PM,BSF 100
1837,202408-92370,Thursday,5:00 PM,6:15 PM,BSF 100
1838,202408-96656,Tuesday,6:30 PM,7:45 PM,
1839,202408-96656,Thursday,6:30 PM,7:45 PM,
1840,202408-96660,Tuesday,5:00 PM,6:15 PM,
1841,202408-96660,Thursday,5:00 PM,6:15 PM,
1842,202408-92507,Tuesday,3:30 PM,4:45 PM,SOC 152
1843,202408-92507,Thursday,3:30 PM,4:45 PM,SOC 152
1844,202408-92418,Tuesday,2:00 PM,3:15 PM,ULH 101
1845,202408-92418,Thursday,2:00 PM,3:15 PM,ULH 101
1846,202408-92424,Tuesday,9:30 AM,10:45 AM,CHE 100
1847,202408-92424,Thursday,9:30 AM,10:45 AM,CHE 100
1848,202408-92415,Tuesday,5:00 PM,6:15 PM,ULH 101
1849,202408-92415,Thursday,5:00 PM,6:15 PM,ULH 101
1850,202408-96096,Monday,12:30 PM,1:45 PM,CWY 107
1851,202408-96096,Wednesday,12:30 PM,1:45 PM,CWY 107
1852,202408-96097,Monday,12:30 PM,1:45 PM,CWY 107
1853,202408-96097,Wednesday,12:30 PM,1:45 PM,CWY 107
1854,202408-96659,Tuesday,3:30 PM,4:45 PM,CHE 103
1855,202408-96659,Thursday,3:30 PM,4:45 PM,CHE 103
1856,202408-92515,Tuesday,3:30 PM,4:45 PM,CHE 103
1857,202408-92515,Thursday,3:30 PM,4:45 PM,CHE 103
1858,202408-92518,,,,TBAT TBA
1859,202408-92519,Monday,2:00 PM,3:15 PM,CPR 115
1860,202408-92519,Wednesday,2:00 PM,3:15 PM,CPR 115
1861,202408-92522,Monday,11:00 AM,12:15 PM,CHE 101
1862,202408-92522,Wednesday,11:00 AM,12:15 PM,CHE 101
1863,202408-92359,Monday,5:00 PM,6:15 PM,CIS 1048
1864,202408-92359,Wednesday,5:00 PM,6:15 PM,CIS 1048
1865,202408-93632,Tuesday,3:30 PM,4:45 PM,SOC 151
1866,202408-93632,Thursday,3:30 PM,4:45 PM,SOC 151
1867,202408-92523,Monday,2:00 PM,3:15 PM,FAH 101
1868,202408-92523,Wednesday,2:00 PM,3:15 PM,FAH 101
1869,202408-96662,Monday,2:00 PM,3:15 PM,FAH 101
1870,202408-96662,Wednesday,2:00 PM,3:15 PM,FAH 101
1871,202408-92361,Monday,5:00 PM,6:15 PM,CMC 141
1872,202408-92361,Wednesday,5:00 PM,6:15 PM,CMC 141
1873,202408-92526,Monday,9:30 AM,10:45 AM,CHE 103
1874,202408-92526,Wednesday,9:30 AM,10:45 AM,CHE 103
1875,202408-92528,Tuesday,9:30 AM,10:45 AM,CWY 109
1876,202408-92528,Thursday,9:30 AM,10:45 AM,CWY 109
1877,202408-97086,Tuesday,12:30 PM,1:45 PM,EDU 411
1878,202408-97086,Thursday,12:30 PM,1:45 PM,EDU 411
1879,202408-93689,Tuesday,3:30 PM,4:45 PM,CPR 103
1880,202408-93689,Thursday,3:30 PM,4:45 PM,CPR 103
1881,202408-93690,Tuesday,3:30 PM,4:45 PM,CPR 103
1882,202408-93690,Thursday,3:30 PM,4:45 PM,CPR 103
1883,202408-93691,Tuesday,3:30 PM,4:45 PM,CPR 103
1884,202408-93691,Thursday,3:30 PM,4:45 PM,CPR 103
1885,202408-93694,Tuesday,3:30 PM,4:45 PM,CPR 103
1886,202408-93694,Thursday,3:30 PM,4:45 PM,CPR 103
1887,202408-93696,Tuesday,3:30 PM,4:45 PM,CPR 103
1888,202408-93696,Thursday,3:30 PM,4:45 PM,CPR 103
1889,202408-93697,Tuesday,3:30 PM,4:45 PM,CPR 103
1890,202408-93697,Thursday,3:30 PM,4:45 PM,CPR 103
1891,202408-92562,Friday,11:00 AM,1:45 PM,CMC 130
1892,202408-92535,Monday,3:30 PM,4:45 PM,CWY 107
1893,202408-92535,Wednesday,3:30 PM,4:45 PM,CWY 107
1894,202408-96661,Tuesday,2:00 PM,3:15 PM,CHE 101
1895,202408-96661,Thursday,2:00 PM,3:15 PM,CHE 101
1896,202408-94199,Monday,3:30 PM,4:45 PM,CHE 111
1897,202408-94199,Wednesday,3:30 PM,4:45 PM,CHE 111
1898,202408-96663,Friday,11:00 AM,1:45 PM,EDU 347
1899,202408-96664,Friday,11:00 AM,1:45 PM,EDU 347
1900,202408-92540,Monday,8:00 AM,9:15 AM,ULH 101
1901,202408-92540,Wednesday,8:00 AM,9:15 AM,ULH 101
1902,202408-93581,Monday,12:30 PM,1:45 PM,ENB 118
1903,202408-93581,Wednesday,12:30 PM,1:45 PM,ENB 118
1904,202408-93585,Tuesday,12:30 PM,1:45 PM,ENB 118
1905,202408-93585,Thursday,12:30 PM,1:45 PM,ENB 118
1906,202408-96093,Monday,9:30 AM,10:45 AM,ENB 118
1907,202408-96093,Wednesday,9:30 AM,10:45 AM,ENB 118
1908,202408-96655,,,,
1909,202408-92542,,,,
1910,202408-93805,Tuesday,11:00 AM,12:15 PM,CIS 1048
1911,202408-93805,Thursday,11:00 AM,12:15 PM,CIS 1048
1912,202408-97083,Monday,6:30 PM,7:45 PM,CHE 103
1913,202408-97083,Wednesday,6:30 PM,7:45 PM,CHE 103
1914,202408-97128,Monday,6:30 PM,7:45 PM,CHE 102
1915,202408-97128,Wednesday,6:30 PM,7:45 PM,CHE 102
1916,202408-92543,Monday,9:30 AM,10:45 AM,CWY 107
1917,202408-92543,Wednesday,9:30 AM,10:45 AM,CWY 107
